a;Coupe min;Nombre de contractions;Rapport
1,1;14;8254;0,001696147
1,2;14;582;0,024054983
1,3;15;177;0,084745763
1,4;14;108;0,12962963
1,5;14;77;0,181818182
1,6;17;50;0,34
1,7;29;47;0,617021277
1,8;17;40;0,425
1,9;44;34;1,294117647
2;85;33;2,575757576
2,1;17;30;0,566666667
2,2;44;30;1,466666667
2,3;16;28;0,571428571
2,4;17;27;0,62962963
2,5;16;27;0,592592593
2,6;14;27;0,518518519
2,7;29;24;1,208333333
2,8;42;24;1,75
2,9;70;24;2,916666667
3;69;24;2,875
3,1;16;23;0,695652174
3,2;54;23;2,347826087
3,3;17;23;0,739130435
3,4;84;23;3,652173913
3,5;55;23;2,391304348
3,6;15;22;0,681818182
3,7;64;22;2,909090909
3,8;70;22;3,181818182
3,9;52;22;2,363636364
4;64;22;2,909090909
4,1;55;22;2,5
4,3;61;21;2,904761905
4,5;71;21;3,380952381
4,6;81;21;3,857142857
4,8;80;21;3,80952381
5;41;21;1,952380952
1,1;1;7;0,142857143
1,2;1;7;0,142857143
1,3;1;4;0,25
1,4;1;4;0,25
1,5;1;4;0,25
1,6;1;4;0,25
1,7;1;3;0,333333333
1,8;1;3;0,333333333
1,9;1;3;0,333333333
2;1;3;0,333333333
2,1;1;3;0,333333333
2,2;1;3;0,333333333
2,3;1;3;0,333333333
2,4;1;3;0,333333333
2,5;1;3;0,333333333
2,6;1;3;0,333333333
2,7;1;3;0,333333333
2,8;1;3;0,333333333
2,9;1;3;0,333333333
3;1;3;0,333333333
3,1;1;3;0,333333333
3,2;1;3;0,333333333
3,3;1;3;0,333333333
3,4;1;3;0,333333333
3,5;1;3;0,333333333
3,6;1;3;0,333333333
3,7;1;3;0,333333333
3,8;1;3;0,333333333
3,9;1;3;0,333333333
4;1;3;0,333333333
4,1;1;3;0,333333333
4,3;1;3;0,333333333
4,5;1;3;0,333333333
4,6;1;3;0,333333333
4,8;1;3;0,333333333
5;1;3;0,333333333
1,1;12;8254;0,001453841
1,2;12;582;0,020618557
1,3;14;177;0,079096045
1,4;15;108;0,138888889
1,5;14;77;0,181818182
1,6;14;50;0,28
1,7;15;47;0,319148936
1,8;28;40;0,7
1,9;28;34;0,823529412
2;59;33;1,787878788
2,1;43;30;1,433333333
2,2;15;30;0,5
2,3;60;28;2,142857143
2,4;38;27;1,407407407
2,5;15;27;0,555555556
2,6;78;27;2,888888889
2,7;18;24;0,75
2,8;15;24;0,625
2,9;39;24;1,625
3;64;24;2,666666667
3,1;58;23;2,52173913
3,2;58;23;2,52173913
3,3;62;23;2,695652174
3,4;58;23;2,52173913
3,5;74;23;3,217391304
3,6;17;22;0,772727273
3,7;73;22;3,318181818
3,8;41;22;1,863636364
3,9;79;22;3,590909091
4;28;22;1,272727273
4,1;57;22;2,590909091
4,3;60;21;2,857142857
4,5;16;21;0,761904762
4,6;15;21;0,714285714
4,8;30;21;1,428571429
5;69;21;3,285714286
1,1;6;1026;0,005847953
1,2;6;143;0,041958042
1,3;6;50;0,12
1,4;6;50;0,12
1,5;8;35;0,228571429
1,6;25;22;1,136363636
1,7;10;22;0,454545455
1,8;8;19;0,421052632
1,9;9;19;0,473684211
2;9;19;0,473684211
2,1;17;16;1,0625
2,2;26;16;1,625
2,3;6;16;0,375
2,4;8;15;0,533333333
2,5;9;15;0,6
2,6;9;15;0,6
2,7;25;15;1,666666667
2,8;6;15;0,4
2,9;9;14;0,642857143
3;13;14;0,928571429
3,1;18;14;1,285714286
3,2;7;14;0,5
3,3;6;14;0,428571429
3,4;17;14;1,214285714
3,5;29;14;2,071428571
3,6;9;13;0,692307692
3,7;17;13;1,307692308
3,8;20;13;1,538461538
3,9;6;13;0,461538462
4;27;13;2,076923077
4,1;25;13;1,923076923
4,3;23;13;1,769230769
4,5;14;13;1,076923077
4,6;15;13;1,153846154
4,8;21;12;1,75
5;6;12;0,5
1,1;2;8254;0,000242307
1,2;2;582;0,003436426
1,3;3;177;0,016949153
1,4;3;108;0,027777778
1,5;2;77;0,025974026
1,6;2;50;0,04
1,7;8;47;0,170212766
1,8;3;40;0,075
1,9;7;34;0,205882353
2;11;33;0,333333333
2,1;3;30;0,1
2,2;14;30;0,466666667
2,3;2;28;0,071428571
2,4;13;27;0,481481481
2,5;4;27;0,148148148
2,6;16;27;0,592592593
2,7;7;24;0,291666667
2,8;10;24;0,416666667
2,9;13;24;0,541666667
3;23;24;0,958333333
3,1;23;23;1
3,2;10;23;0,434782609
3,3;22;23;0,956521739
3,4;3;23;0,130434783
3,5;26;23;1,130434783
3,6;5;22;0,227272727
3,7;11;22;0,5
3,8;13;22;0,590909091
3,9;3;22;0,136363636
4;7;22;0,318181818
4,1;21;22;0,954545455
4,3;3;21;0,142857143
4,5;5;21;0,238095238
4,6;27;21;1,285714286
4,8;4;21;0,19047619
5;13;21;0,619047619
1,1;2;255;0,007843137
1,2;2;66;0,03030303
1,3;2;23;0,086956522
1,4;2;23;0,086956522
1,5;3;16;0,1875
1,6;2;14;0,142857143
1,7;2;11;0,181818182
1,8;2;11;0,181818182
1,9;7;11;0,636363636
2;7;11;0,636363636
2,1;2;10;0,2
2,2;2;10;0,2
2,3;3;10;0,3
2,4;6;10;0,6
2,5;2;10;0,2
2,6;6;9;0,666666667
2,7;2;9;0,222222222
2,8;5;9;0,555555556
2,9;6;9;0,666666667
3;2;9;0,222222222
3,1;2;9;0,222222222
3,2;4;9;0,444444444
3,3;7;9;0,777777778
3,4;2;8;0,25
3,5;5;8;0,625
3,6;3;8;0,375
3,7;3;8;0,375
3,8;3;8;0,375
3,9;7;8;0,875
4;9;8;1,125
4,1;6;8;0,75
4,3;7;8;0,875
4,5;2;8;0,25
4,6;9;8;1,125
4,8;6;8;0,75
5;4;8;0,5
1,1;2;127;0,015748031
1,2;2;34;0,058823529
1,3;2;19;0,105263158
1,4;10;15;0,666666667
1,5;2;15;0,133333333
1,6;3;12;0,25
1,7;4;10;0,4
1,8;3;9;0,333333333
1,9;5;9;0,555555556
2;3;9;0,333333333
2,1;7;9;0,777777778
2,2;5;9;0,555555556
2,3;2;8;0,25
2,4;4;8;0,5
2,5;9;8;1,125
2,6;2;8;0,25
2,7;2;8;0,25
2,8;4;8;0,5
2,9;3;8;0,375
3;5;8;0,625
3,1;8;7;1,142857143
3,2;9;7;1,285714286
3,3;8;7;1,142857143
3,4;10;7;1,428571429
3,5;2;7;0,285714286
3,6;11;7;1,571428571
3,7;10;7;1,428571429
3,8;5;7;0,714285714
3,9;5;7;0,714285714
4;8;7;1,142857143
4,1;3;7;0,428571429
4,3;2;7;0,285714286
4,5;10;7;1,428571429
4,6;2;7;0,285714286
4,8;11;7;1,571428571
5;5;7;0,714285714
1,1;0;0;#DIV/0!
1,2;0;0;#DIV/0!
1,3;0;0;#DIV/0!
1,4;0;0;#DIV/0!
1,5;0;0;#DIV/0!
1,6;0;0;#DIV/0!
1,7;0;0;#DIV/0!
1,8;0;0;#DIV/0!
1,9;0;0;#DIV/0!
2;0;0;#DIV/0!
2,1;0;0;#DIV/0!
2,2;0;0;#DIV/0!
2,3;0;0;#DIV/0!
2,4;0;0;#DIV/0!
2,5;0;0;#DIV/0!
2,6;0;0;#DIV/0!
2,7;0;0;#DIV/0!
2,8;0;0;#DIV/0!
2,9;0;0;#DIV/0!
3;0;0;#DIV/0!
3,1;0;0;#DIV/0!
3,2;0;0;#DIV/0!
3,3;0;0;#DIV/0!
3,4;0;0;#DIV/0!
3,5;0;0;#DIV/0!
3,6;0;0;#DIV/0!
3,7;0;0;#DIV/0!
3,8;0;0;#DIV/0!
3,9;0;0;#DIV/0!
4;0;0;#DIV/0!
4,1;0;0;#DIV/0!
4,3;0;0;#DIV/0!
4,5;0;0;#DIV/0!
4,6;0;0;#DIV/0!
4,8;0;0;#DIV/0!
5;0;0;#DIV/0!
1,1;0;31;0
1,2;0;16;0
1,3;0;10;0
1,4;0;10;0
1,5;0;7;0
1,6;0;7;0
1,7;0;7;0
1,8;0;6;0
1,9;0;6;0
2;0;6;0
2,1;0;6;0
2,2;0;6;0
2,3;0;6;0
2,4;0;5;0
2,5;0;5;0
2,6;0;5;0
2,7;0;5;0
2,8;0;5;0
2,9;0;5;0
3;0;5;0
3,1;0;5;0
3,2;0;5;0
3,3;0;5;0
3,4;0;5;0
3,5;0;5;0
3,6;0;5;0
3,7;0;5;0
3,8;0;5;0
3,9;0;5;0
4;0;5;0
4,1;0;5;0
4,3;0;5;0
4,5;0;5;0
4,6;0;5;0
4,8;0;5;0
5;0;5;0
1,1;13;16511;0,000787354
1,2;12;1104;0,010869565
1,3;12;184;0,065217391
1,4;12;121;0,099173554
1,5;17;84;0,202380952
1,6;14;54;0,259259259
1,7;16;54;0,296296296
1,8;20;47;0,425531915
1,9;33;44;0,75
2;13;44;0,295454545
2,1;89;37;2,405405405
2,2;66;34;1,941176471
2,3;14;34;0,411764706
2,4;41;34;1,205882353
2,5;16;31;0,516129032
2,6;92;31;2,967741935
2,7;45;28;1,607142857
2,8;69;28;2,464285714
2,9;47;28;1,678571429
3;93;28;3,321428571
3,1;32;27;1,185185185
3,2;75;27;2,777777778
3,3;90;27;3,333333333
3,4;87;27;3,222222222
3,5;84;26;3,230769231
3,6;39;26;1,5
3,7;46;26;1,769230769
3,8;82;26;3,153846154
3,9;87;26;3,346153846
4;70;26;2,692307692
4,1;46;25;1,84
4,3;48;25;1,92
4,5;87;25;3,48
4,6;45;25;1,8
4,8;49;25;1,96
5;56;24;2,333333333
1,1;6;16513;0,00036335
1,2;6;1105;0,005429864
1,3;6;216;0,027777778
1,4;6;122;0,049180328
1,5;6;85;0,070588235
1,6;8;70;0,114285714
1,7;34;55;0,618181818
1,8;8;48;0,166666667
1,9;36;46;0,782608696
2;15;45;0,333333333
2,1;38;38;1
2,2;11;36;0,305555556
2,3;6;35;0,171428571
2,4;22;35;0,628571429
2,5;30;35;0,857142857
2,6;36;32;1,125
2,7;27;32;0,84375
2,8;9;29;0,310344828
2,9;6;29;0,206896552
3;16;29;0,551724138
3,1;8;29;0,275862069
3,2;51;28;1,821428571
3,3;55;28;1,964285714
3,4;9;28;0,321428571
3,5;6;28;0,214285714
3,6;8;27;0,296296296
3,7;16;27;0,592592593
3,8;61;27;2,259259259
3,9;9;27;0,333333333
4;9;27;0,333333333
4,1;37;27;1,37037037
4,3;9;26;0,346153846
4,5;9;26;0,346153846
4,6;13;26;0,5
4,8;9;26;0,346153846
5;59;26;2,269230769
1,1;5;512;0,009765625
1,2;6;134;0,044776119
1,3;6;41;0,146341463
1,4;8;26;0,307692308
1,5;9;26;0,346153846
1,6;7;19;0,368421053
1,7;6;19;0,315789474
1,8;7;16;0,4375
1,9;7;16;0,4375
2;5;16;0,3125
2,1;22;13;1,692307692
2,2;6;13;0,461538462
2,3;8;13;0,615384615
2,4;16;13;1,230769231
2,5;7;12;0,583333333
2,6;8;12;0,666666667
2,7;13;12;1,083333333
2,8;5;12;0,416666667
2,9;12;12;1
3;19;12;1,583333333
3,1;7;11;0,636363636
3,2;25;11;2,272727273
3,3;16;11;1,454545455
3,4;7;11;0,636363636
3,5;5;11;0,454545455
3,6;6;11;0,545454545
3,7;7;11;0,636363636
3,8;16;11;1,454545455
3,9;7;11;0,636363636
4;6;11;0,545454545
4,1;9;10;0,9
4,3;5;10;0,5
4,5;26;10;2,6
4,6;16;10;1,6
4,8;24;10;2,4
5;18;10;1,8
1,1;8;256;0,03125
1,2;6;70;0,085714286
1,3;6;39;0,153846154
1,4;7;24;0,291666667
1,5;25;18;1,388888889
1,6;9;15;0,6
1,7;16;15;1,066666667
1,8;21;15;1,4
1,9;8;12;0,666666667
2;10;12;0,833333333
2,1;11;12;0,916666667
2,2;7;11;0,636363636
2,3;17;11;1,545454545
2,4;9;11;0,818181818
2,5;7;11;0,636363636
2,6;9;11;0,818181818
2,7;6;11;0,545454545
2,8;8;10;0,8
2,9;21;10;2,1
3;20;10;2
3,1;10;10;1
3,2;17;10;1,7
3,3;17;10;1,7
3,4;17;10;1,7
3,5;23;10;2,3
3,6;10;10;1
3,7;22;9;2,444444444
3,8;25;9;2,777777778
3,9;22;9;2,444444444
4;14;9;1,555555556
4,1;9;9;1
4,3;16;9;1,777777778
4,5;27;9;3
4,6;25;9;2,777777778
4,8;25;9;2,777777778
5;26;9;2,888888889
1,1;3;63;0,047619048
1,2;4;32;0,125
1,3;4;18;0,222222222
1,4;3;11;0,272727273
1,5;5;11;0,454545455
1,6;6;8;0,75
1,7;4;8;0,5
1,8;4;8;0,5
1,9;4;8;0,5
2;5;8;0,625
2,1;4;7;0,571428571
2,2;3;7;0,428571429
2,3;3;7;0,428571429
2,4;4;7;0,571428571
2,5;4;7;0,571428571
2,6;3;7;0,428571429
2,7;9;6;1,5
2,8;5;6;0,833333333
2,9;11;6;1,833333333
3;7;6;1,166666667
3,1;4;6;0,666666667
3,2;7;6;1,166666667
3,3;9;6;1,5
3,4;4;6;0,666666667
3,5;10;6;1,666666667
3,6;5;6;0,833333333
3,7;8;6;1,333333333
3,8;6;6;1
3,9;8;6;1,333333333
4;6;6;1
4,1;5;6;0,833333333
4,3;8;6;1,333333333
4,5;3;6;0,5
4,6;5;6;0,833333333
4,8;9;6;1,5
5;5;6;0,833333333
1,1;1;1;1
1,2;1;1;1
1,3;1;1;1
1,4;1;1;1
1,5;1;1;1
1,6;1;1;1
1,7;1;1;1
1,8;1;1;1
1,9;1;1;1
2;1;1;1
2,1;1;1;1
2,2;1;1;1
2,3;1;1;1
2,4;1;1;1
2,5;1;1;1
2,6;1;1;1
2,7;1;1;1
2,8;1;1;1
2,9;1;1;1
3;1;1;1
3,1;1;1;1
3,2;1;1;1
3,3;1;1;1
3,4;1;1;1
3,5;1;1;1
3,6;1;1;1
3,7;1;1;1
3,8;1;1;1
3,9;1;1;1
4;1;1;1
4,1;1;1;1
4,3;1;1;1
4,5;1;1;1
4,6;1;1;1
4,8;1;1;1
5;1;1;1
1,1;0;1;0
1,2;0;1;0
1,3;0;1;0
1,4;0;1;0
1,5;0;1;0
1,6;0;1;0
1,7;0;1;0
1,8;0;1;0
1,9;0;1;0
2;0;1;0
2,1;0;1;0
2,2;0;1;0
2,3;0;1;0
2,4;0;1;0
2,5;0;1;0
2,6;0;1;0
2,7;0;1;0
2,8;0;1;0
2,9;0;1;0
3;0;1;0
3,1;0;1;0
3,2;0;1;0
3,3;0;1;0
3,4;0;1;0
3,5;0;1;0
3,6;0;1;0
3,7;0;1;0
3,8;0;1;0
3,9;0;1;0
4;0;1;0
4,1;0;1;0
4,3;0;1;0
4,5;0;1;0
4,6;0;1;0
4,8;0;1;0
5;0;1;0
1,1;13;8222;0,001581124
1,2;13;550;0,023636364
1,3;14;169;0,082840237
1,4;13;106;0,122641509
1,5;14;61;0,229508197
1,6;16;46;0,347826087
1,7;41;39;1,051282051
1,8;50;39;1,282051282
1,9;39;32;1,21875
2;16;32;0,5
2,1;16;29;0,551724138
2,2;16;29;0,551724138
2,3;53;26;2,038461538
2,4;54;26;2,076923077
2,5;15;26;0,576923077
2,6;51;23;2,217391304
2,7;77;23;3,347826087
2,8;63;23;2,739130435
2,9;27;22;1,227272727
3;32;22;1,454545455
3,1;61;22;2,772727273
3,2;17;22;0,772727273
3,3;14;22;0,636363636
3,4;71;21;3,380952381
3,5;16;21;0,761904762
3,6;31;21;1,476190476
3,7;76;21;3,619047619
3,8;75;21;3,571428571
3,9;78;21;3,714285714
4;16;21;0,761904762
4,1;16;20;0,8
4,3;28;20;1,4
4,5;15;20;0,75
4,6;81;20;4,05
4,8;30;20;1,5
5;13;20;0,65
1,1;6;512;0,01171875
1,2;6;134;0,044776119
1,3;8;41;0,195121951
1,4;6;26;0,230769231
1,5;6;26;0,230769231
1,6;12;19;0,631578947
1,7;12;19;0,631578947
1,8;20;16;1,25
1,9;12;16;0,75
2;6;16;0,375
2,1;7;13;0,538461538
2,2;9;13;0,692307692
2,3;11;13;0,846153846
2,4;6;13;0,461538462
2,5;17;12;1,416666667
2,6;7;12;0,583333333
2,7;15;12;1,25
2,8;7;12;0,583333333
2,9;6;12;0,5
3;23;12;1,916666667
3,1;8;11;0,727272727
3,2;12;11;1,090909091
3,3;7;11;0,636363636
3,4;9;11;0,818181818
3,5;7;11;0,636363636
3,6;20;11;1,818181818
3,7;22;11;2
3,8;7;11;0,636363636
3,9;20;11;1,818181818
4;11;11;1
4,1;20;10;2
4,3;20;10;2
4,5;22;10;2,2
4,6;15;10;1,5
4,8;13;10;1,3
5;12;10;1,2
1,1;7;514;0,013618677
1,2;7;135;0,051851852
1,3;11;42;0,261904762
1,4;10;34;0,294117647
1,5;7;27;0,259259259
1,6;24;21;1,142857143
1,7;23;20;1,15
1,8;10;18;0,555555556
1,9;28;17;1,647058824
2;8;17;0,470588235
2,1;10;15;0,666666667
2,2;8;14;0,571428571
2,3;9;14;0,642857143
2,4;30;14;2,142857143
2,5;8;14;0,571428571
2,6;30;13;2,307692308
2,7;27;13;2,076923077
2,8;7;13;0,538461538
2,9;8;13;0,615384615
3;26;13;2
3,1;14;13;1,076923077
3,2;23;13;1,769230769
3,3;8;12;0,666666667
3,4;9;12;0,75
3,5;22;12;1,833333333
3,6;18;12;1,5
3,7;23;12;1,916666667
3,8;9;12;0,75
3,9;9;12;0,75
4;17;12;1,416666667
4,1;31;12;2,583333333
4,3;7;12;0,583333333
4,5;31;11;2,818181818
4,6;13;11;1,181818182
4,8;30;11;2,727272727
5;7;11;0,636363636
1,1;0;16645;0
1,2;0;1173;0
1,3;0;233;0
1,4;0;156;0
1,5;0;94;0
1,6;0;65;0
1,7;0;58;0
1,8;0;51;0
1,9;0;44;0
2;0;44;0
2,1;0;41;0
2,2;0;38;0
2,3;0;38;0
2,4;0;35;0
2,5;0;35;0
2,6;0;32;0
2,7;0;32;0
2,8;0;32;0
2,9;0;31;0
3;0;31;0
3,1;0;31;0
3,2;0;30;0
3,3;0;30;0
3,4;0;30;0
3,5;0;30;0
3,6;0;29;0
3,7;0;29;0
3,8;0;29;0
3,9;0;29;0
4;0;29;0
4,1;0;28;0
4,3;0;28;0
4,5;0;28;0
4,6;0;28;0
4,8;0;27;0
5;0;27;0
1,1;8;512;0,015625
1,2;9;134;0,067164179
1,3;8;41;0,195121951
1,4;11;26;0,423076923
1,5;9;26;0,346153846
1,6;10;19;0,526315789
1,7;8;19;0,421052632
1,8;8;16;0,5
1,9;19;16;1,1875
2;8;16;0,5
2,1;16;13;1,230769231
2,2;27;13;2,076923077
2,3;23;13;1,769230769
2,4;30;13;2,307692308
2,5;11;12;0,916666667
2,6;19;12;1,583333333
2,7;10;12;0,833333333
2,8;17;12;1,416666667
2,9;18;12;1,5
3;9;12;0,75
3,1;31;11;2,818181818
3,2;20;11;1,818181818
3,3;17;11;1,545454545
3,4;11;11;1
3,5;28;11;2,545454545
3,6;11;11;1
3,7;24;11;2,181818182
3,8;27;11;2,454545455
3,9;11;11;1
4;23;11;2,090909091
4,1;19;10;1,9
4,3;27;10;2,7
4,5;31;10;3,1
4,6;28;10;2,8
4,8;24;10;2,4
5;33;10;3,3
1,1;3;15;0,2
1,2;2;15;0,133333333
1,3;3;8;0,375
1,4;3;6;0,5
1,5;4;6;0,666666667
1,6;4;5;0,8
1,7;3;5;0,6
1,8;6;5;1,2
1,9;3;5;0,6
2;4;5;0,8
2,1;3;4;0,75
2,2;6;4;1,5
2,3;2;4;0,5
2,4;5;4;1,25
2,5;3;4;0,75
2,6;5;4;1,25
2,7;4;4;1
2,8;3;4;0,75
2,9;5;4;1,25
3;4;4;1
3,1;6;4;1,5
3,2;2;4;0,5
3,3;4;4;1
3,4;4;4;1
3,5;5;4;1,25
3,6;2;4;0,5
3,7;5;4;1,25
3,8;4;4;1
3,9;5;4;1,25
4;4;4;1
4,1;5;4;1,25
4,3;3;4;0,75
4,5;5;4;1,25
4,6;2;4;0,5
4,8;4;4;1
5;4;4;1
1,1;4;16513;0,000242233
1,2;4;1105;0,00361991
1,3;4;216;0,018518519
1,4;7;122;0,057377049
1,5;8;85;0,094117647
1,6;8;70;0,114285714
1,7;26;55;0,472727273
1,8;5;48;0,104166667
1,9;6;46;0,130434783
2;8;45;0,177777778
2,1;4;38;0,105263158
2,2;4;36;0,111111111
2,3;8;35;0,228571429
2,4;9;35;0,257142857
2,5;6;35;0,171428571
2,6;12;32;0,375
2,7;6;32;0,1875
2,8;40;29;1,379310345
2,9;21;29;0,724137931
3;4;29;0,137931034
3,1;16;29;0,551724138
3,2;41;28;1,464285714
3,3;27;28;0,964285714
3,4;5;28;0,178571429
3,5;9;28;0,321428571
3,6;9;27;0,333333333
3,7;6;27;0,222222222
3,8;43;27;1,592592593
3,9;42;27;1,555555556
4;6;27;0,222222222
4,1;43;27;1,592592593
4,3;24;26;0,923076923
4,5;21;26;0,807692308
4,6;51;26;1,961538462
4,8;24;26;0,923076923
5;9;26;0,346153846
1,1;10;1030;0,009708738
1,2;11;271;0,040590406
1,3;8;82;0,097560976
1,4;13;51;0,254901961
1,5;13;37;0,351351351
1,6;12;30;0,4
1,7;11;23;0,47826087
1,8;23;23;1
1,9;23;20;1,15
2;44;20;2,2
2,1;13;20;0,65
2,2;10;17;0,588235294
2,3;11;17;0,647058824
2,4;34;17;2
2,5;33;17;1,941176471
2,6;36;16;2,25
2,7;8;16;0,5
2,8;47;16;2,9375
2,9;13;16;0,8125
3;41;16;2,5625
3,1;34;15;2,266666667
3,2;42;15;2,8
3,3;11;15;0,733333333
3,4;36;15;2,4
3,5;13;15;0,866666667
3,6;13;15;0,866666667
3,7;10;15;0,666666667
3,8;13;14;0,928571429
3,9;46;14;3,285714286
4;49;14;3,5
4,1;37;14;2,642857143
4,3;13;14;0,928571429
4,5;48;14;3,428571429
4,6;31;14;2,214285714
4,8;30;14;2,142857143
5;34;14;2,428571429
1,1;1;127;0,007874016
1,2;1;34;0,029411765
1,3;1;19;0,052631579
1,4;1;15;0,066666667
1,5;1;15;0,066666667
1,6;1;12;0,083333333
1,7;1;10;0,1
1,8;1;9;0,111111111
1,9;3;9;0,333333333
2;1;9;0,111111111
2,1;1;9;0,111111111
2,2;1;9;0,111111111
2,3;1;8;0,125
2,4;1;8;0,125
2,5;1;8;0,125
2,6;1;8;0,125
2,7;2;8;0,25
2,8;1;8;0,125
2,9;1;8;0,125
3;1;8;0,125
3,1;1;7;0,142857143
3,2;1;7;0,142857143
3,3;2;7;0,285714286
3,4;1;7;0,142857143
3,5;1;7;0,142857143
3,6;1;7;0,142857143
3,7;1;7;0,142857143
3,8;1;7;0,142857143
3,9;2;7;0,285714286
4;1;7;0,142857143
4,1;1;7;0,142857143
4,3;4;7;0,571428571
4,5;1;7;0,142857143
4,6;1;7;0,142857143
4,8;3;7;0,428571429
5;1;7;0,142857143
1,1;13;32897;0,000395173
1,2;13;1169;0,011120616
1,3;13;217;0,059907834
1,4;42;124;0,338709677
1,5;17;93;0,182795699
1,6;80;72;1,111111111
1,7;16;57;0,280701754
1,8;13;50;0,26
1,9;27;47;0,574468085
2;85;47;1,808510638
2,1;73;40;1,825
2,2;17;37;0,459459459
2,3;40;37;1,081081081
2,4;36;36;1
2,5;20;36;0,555555556
2,6;68;33;2,060606061
2,7;42;33;1,272727273
2,8;60;33;1,818181818
2,9;20;30;0,666666667
3;26;30;0,866666667
3,1;24;30;0,8
3,2;64;30;2,133333333
3,3;13;29;0,448275862
3,4;74;29;2,551724138
3,5;30;29;1,034482759
3,6;56;29;1,931034483
3,7;15;29;0,517241379
3,8;31;28;1,107142857
3,9;68;28;2,428571429
4;40;28;1,428571429
4,1;16;28;0,571428571
4,3;103;28;3,678571429
4,5;15;27;0,555555556
4,6;14;27;0,518518519
4,8;34;27;1,259259259
5;96;27;3,555555556
1,1;4;512;0,0078125
1,2;4;134;0,029850746
1,3;7;41;0,170731707
1,4;11;26;0,423076923
1,5;11;26;0,423076923
1,6;7;19;0,368421053
1,7;9;19;0,473684211
1,8;8;16;0,5
1,9;9;16;0,5625
2;17;16;1,0625
2,1;4;13;0,307692308
2,2;19;13;1,461538462
2,3;13;13;1
2,4;4;13;0,307692308
2,5;7;12;0,583333333
2,6;9;12;0,75
2,7;4;12;0,333333333
2,8;21;12;1,75
2,9;4;12;0,333333333
3;7;12;0,583333333
3,1;17;11;1,545454545
3,2;17;11;1,545454545
3,3;12;11;1,090909091
3,4;7;11;0,636363636
3,5;21;11;1,909090909
3,6;13;11;1,181818182
3,7;4;11;0,363636364
3,8;4;11;0,363636364
3,9;9;11;0,818181818
4;18;11;1,636363636
4,1;7;10;0,7
4,3;5;10;0,5
4,5;4;10;0,4
4,6;11;10;1,1
4,8;18;10;1,8
5;14;10;1,4
1,1;14;32897;0,000425571
1,2;12;1169;0,010265184
1,3;12;217;0,055299539
1,4;15;124;0,120967742
1,5;17;93;0,182795699
1,6;12;72;0,166666667
1,7;35;57;0,614035088
1,8;36;50;0,72
1,9;15;47;0,319148936
2;18;47;0,382978723
2,1;28;40;0,7
2,2;39;37;1,054054054
2,3;103;37;2,783783784
2,4;35;36;0,972222222
2,5;48;36;1,333333333
2,6;31;33;0,939393939
2,7;18;33;0,545454545
2,8;48;33;1,454545455
2,9;33;30;1,1
3;81;30;2,7
3,1;81;30;2,7
3,2;34;30;1,133333333
3,3;75;29;2,586206897
3,4;88;29;3,034482759
3,5;92;29;3,172413793
3,6;104;29;3,586206897
3,7;38;29;1,310344828
3,8;115;28;4,107142857
3,9;12;28;0,428571429
4;14;28;0,5
4,1;76;28;2,714285714
4,3;97;28;3,464285714
4,5;110;27;4,074074074
4,6;62;27;2,296296296
4,8;90;27;3,333333333
5;73;27;2,703703704
1,1;6;1030;0,005825243
1,2;6;271;0,022140221
1,3;10;82;0,12195122
1,4;10;51;0,196078431
1,5;20;37;0,540540541
1,6;11;30;0,366666667
1,7;12;23;0,52173913
1,8;22;23;0,956521739
1,9;31;20;1,55
2;10;20;0,5
2,1;6;20;0,3
2,2;6;17;0,352941176
2,3;25;17;1,470588235
2,4;6;17;0,352941176
2,5;27;17;1,588235294
2,6;11;16;0,6875
2,7;35;16;2,1875
2,8;22;16;1,375
2,9;34;16;2,125
3;42;16;2,625
3,1;11;15;0,733333333
3,2;40;15;2,666666667
3,3;19;15;1,266666667
3,4;6;15;0,4
3,5;12;15;0,8
3,6;12;15;0,8
3,7;10;15;0,666666667
3,8;27;14;1,928571429
3,9;38;14;2,714285714
4;20;14;1,428571429
4,1;11;14;0,785714286
4,3;10;14;0,714285714
4,5;37;14;2,642857143
4,6;6;14;0,428571429
4,8;25;14;1,785714286
5;10;14;0,714285714
1,1;0;14;0
1,2;0;11;0
1,3;0;8;0
1,4;0;7;0
1,5;0;7;0
1,6;0;6;0
1,7;0;6;0
1,8;0;6;0
1,9;0;6;0
2;0;6;0
2,1;0;6;0
2,2;0;6;0
2,3;0;6;0
2,4;0;6;0
2,5;0;6;0
2,6;0;6;0
2,7;0;6;0
2,8;0;6;0
2,9;0;6;0
3;0;6;0
3,1;0;6;0
3,2;0;6;0
3,3;0;6;0
3,4;0;6;0
3,5;0;6;0
3,6;0;6;0
3,7;0;6;0
3,8;0;6;0
3,9;0;6;0
4;0;6;0
4,1;0;6;0
4,3;0;6;0
4,5;0;6;0
4,6;0;6;0
4,8;0;6;0
5;0;6;0
1,1;5;16447;0,000304007
1,2;5;1096;0,004562044
1,3;5;182;0,027472527
1,4;11;113;0,097345133
1,5;7;82;0,085365854
1,6;15;53;0,283018868
1,7;5;50;0,1
1,8;8;43;0,186046512
1,9;21;43;0,488372093
2;10;36;0,277777778
2,1;28;33;0,848484848
2,2;5;33;0,151515152
2,3;5;33;0,151515152
2,4;32;30;1,066666667
2,5;8;30;0,266666667
2,6;30;29;1,034482759
2,7;16;27;0,592592593
2,8;43;27;1,592592593
2,9;28;26;1,076923077
3;47;26;1,807692308
3,1;9;26;0,346153846
3,2;27;26;1,038461538
3,3;47;25;1,88
3,4;5;25;0,2
3,5;26;25;1,04
3,6;10;25;0,4
3,7;49;25;1,96
3,8;9;25;0,36
3,9;8;24;0,333333333
4;10;24;0,416666667
4,1;22;24;0,916666667
4,3;7;24;0,291666667
4,5;43;24;1,791666667
4,6;12;24;0,5
4,8;35;23;1,52173913
5;18;23;0,782608696
1,1;9;8222;0,001094624
1,2;9;550;0,016363636
1,3;10;169;0,059171598
1,4;11;106;0,103773585
1,5;10;61;0,163934426
1,6;11;46;0,239130435
1,7;10;39;0,256410256
1,8;10;39;0,256410256
1,9;37;32;1,15625
2;14;32;0,4375
2,1;36;29;1,24137931
2,2;34;29;1,172413793
2,3;21;26;0,807692308
2,4;14;26;0,538461538
2,5;32;26;1,230769231
2,6;37;23;1,608695652
2,7;48;23;2,086956522
2,8;24;23;1,043478261
2,9;63;22;2,863636364
3;15;22;0,681818182
3,1;42;22;1,909090909
3,2;44;22;2
3,3;36;22;1,636363636
3,4;62;21;2,952380952
3,5;11;21;0,523809524
3,6;15;21;0,714285714
3,7;51;21;2,428571429
3,8;48;21;2,285714286
3,9;42;21;2
4;10;21;0,476190476
4,1;49;20;2,45
4,3;37;20;1,85
4,5;14;20;0,7
4,6;13;20;0,65
4,8;66;20;3,3
5;11;20;0,55
1,1;0;1;0
1,2;0;1;0
1,3;0;1;0
1,4;0;1;0
1,5;0;1;0
1,6;0;1;0
1,7;0;1;0
1,8;0;1;0
1,9;0;1;0
2;0;1;0
2,1;0;1;0
2,2;0;1;0
2,3;0;1;0
2,4;0;1;0
2,5;0;1;0
2,6;0;1;0
2,7;0;1;0
2,8;0;1;0
2,9;0;1;0
3;0;1;0
3,1;0;1;0
3,2;0;1;0
3,3;0;1;0
3,4;0;1;0
3,5;0;1;0
3,6;0;1;0
3,7;0;1;0
3,8;0;1;0
3,9;0;1;0
4;0;1;0
4,1;0;1;0
4,3;0;1;0
4,5;0;1;0
4,6;0;1;0
4,8;0;1;0
5;0;1;0
1,1;15;33029;0,000454146
1,2;17;2197;0,007737824
1,3;18;361;0,049861496
1,4;19;220;0,086363636
1,5;22;126;0,174603175
1,6;20;81;0,24691358
1,7;53;66;0,803030303
1,8;53;59;0,898305085
1,9;33;52;0,634615385
2;49;52;0,942307692
2,1;52;45;1,155555556
2,2;52;42;1,238095238
2,3;78;42;1,857142857
2,4;17;39;0,435897436
2,5;17;39;0,435897436
2,6;37;36;1,027777778
2,7;48;36;1,333333333
2,8;34;36;0,944444444
2,9;76;35;2,171428571
3;54;35;1,542857143
3,1;56;33;1,696969697
3,2;23;32;0,71875
3,3;129;32;4,03125
3,4;133;32;4,15625
3,5;93;32;2,90625
3,6;46;31;1,483870968
3,7;77;31;2,483870968
3,8;64;31;2,064516129
3,9;20;31;0,64516129
4;119;31;3,838709677
4,1;40;30;1,333333333
4,3;71;30;2,366666667
4,5;93;30;3,1
4,6;105;30;3,5
4,8;127;29;4,379310345
5;132;29;4,551724138
1,1;0;0;#DIV/0!
1,2;0;0;#DIV/0!
1,3;0;0;#DIV/0!
1,4;0;0;#DIV/0!
1,5;0;0;#DIV/0!
1,6;0;0;#DIV/0!
1,7;0;0;#DIV/0!
1,8;0;0;#DIV/0!
1,9;0;0;#DIV/0!
2;0;0;#DIV/0!
2,1;0;0;#DIV/0!
2,2;0;0;#DIV/0!
2,3;0;0;#DIV/0!
2,4;0;0;#DIV/0!
2,5;0;0;#DIV/0!
2,6;0;0;#DIV/0!
2,7;0;0;#DIV/0!
2,8;0;0;#DIV/0!
2,9;0;0;#DIV/0!
3;0;0;#DIV/0!
3,1;0;0;#DIV/0!
3,2;0;0;#DIV/0!
3,3;0;0;#DIV/0!
3,4;0;0;#DIV/0!
3,5;0;0;#DIV/0!
3,6;0;0;#DIV/0!
3,7;0;0;#DIV/0!
3,8;0;0;#DIV/0!
3,9;0;0;#DIV/0!
4;0;0;#DIV/0!
4,1;0;0;#DIV/0!
4,3;0;0;#DIV/0!
4,5;0;0;#DIV/0!
4,6;0;0;#DIV/0!
4,8;0;0;#DIV/0!
5;0;0;#DIV/0!
1,1;6;2062;0,002909796
1,2;6;289;0,020761246
1,3;12;88;0,136363636
1,4;13;57;0,228070175
1,5;19;42;0,452380952
1,6;8;35;0,228571429
1,7;37;29;1,275862069
1,8;21;26;0,807692308
1,9;6;25;0,24
2;30;25;1,2
2,1;31;23;1,347826087
2,2;9;22;0,409090909
2,3;38;22;1,727272727
2,4;9;20;0,45
2,5;11;19;0,578947368
2,6;10;19;0,526315789
2,7;27;19;1,421052632
2,8;41;19;2,157894737
2,9;12;18;0,666666667
3;42;18;2,333333333
3,1;40;18;2,222222222
3,2;20;18;1,111111111
3,3;26;18;1,444444444
3,4;29;18;1,611111111
3,5;39;17;2,294117647
3,6;15;17;0,882352941
3,7;6;17;0,352941176
3,8;42;17;2,470588235
3,9;43;17;2,529411765
4;28;17;1,647058824
4,1;17;17;1
4,3;26;16;1,625
4,5;40;16;2,5
4,6;36;16;2,25
4,8;20;16;1,25
5;37;16;2,3125
1,1;9;1026;0,00877193
1,2;11;143;0,076923077
1,3;11;50;0,22
1,4;11;50;0,22
1,5;11;35;0,314285714
1,6;13;22;0,590909091
1,7;23;22;1,045454545
1,8;20;19;1,052631579
1,9;29;19;1,526315789
2;23;19;1,210526316
2,1;18;16;1,125
2,2;12;16;0,75
2,3;38;16;2,375
2,4;29;15;1,933333333
2,5;34;15;2,266666667
2,6;20;15;1,333333333
2,7;9;15;0,6
2,8;37;15;2,466666667
2,9;11;14;0,785714286
3;40;14;2,857142857
3,1;34;14;2,428571429
3,2;11;14;0,785714286
3,3;12;14;0,857142857
3,4;12;14;0,857142857
3,5;10;14;0,714285714
3,6;11;13;0,846153846
3,7;41;13;3,153846154
3,8;30;13;2,307692308
3,9;21;13;1,615384615
4;30;13;2,307692308
4,1;41;13;3,153846154
4,3;26;13;2
4,5;11;13;0,846153846
4,6;41;13;3,153846154
4,8;43;12;3,583333333
5;41;12;3,416666667
1,1;2;33029;6,05528E-05
1,2;2;2197;0,000910332
1,3;2;361;0,005540166
1,4;2;220;0,009090909
1,5;2;126;0,015873016
1,6;3;81;0,037037037
1,7;5;66;0,075757576
1,8;5;59;0,084745763
1,9;5;52;0,096153846
2;6;52;0,115384615
2,1;5;45;0,111111111
2,2;5;42;0,119047619
2,3;4;42;0,095238095
2,4;5;39;0,128205128
2,5;4;39;0,102564103
2,6;3;36;0,083333333
2,7;2;36;0,055555556
2,8;10;36;0,277777778
2,9;7;35;0,2
3;2;35;0,057142857
3,1;19;33;0,575757576
3,2;7;32;0,21875
3,3;7;32;0,21875
3,4;3;32;0,09375
3,5;5;32;0,15625
3,6;21;31;0,677419355
3,7;6;31;0,193548387
3,8;5;31;0,161290323
3,9;25;31;0,806451613
4;5;31;0,161290323
4,1;6;30;0,2
4,3;5;30;0,166666667
4,5;6;30;0,2
4,6;5;30;0,166666667
4,8;2;29;0,068965517
5;32;29;1,103448276
1,1;2;255;0,007843137
1,2;2;66;0,03030303
1,3;2;23;0,086956522
1,4;2;23;0,086956522
1,5;4;16;0,25
1,6;2;14;0,142857143
1,7;2;11;0,181818182
1,8;3;11;0,272727273
1,9;2;11;0,181818182
2;2;11;0,181818182
2,1;2;10;0,2
2,2;3;10;0,3
2,3;5;10;0,5
2,4;5;10;0,5
2,5;4;10;0,4
2,6;4;9;0,444444444
2,7;6;9;0,666666667
2,8;4;9;0,444444444
2,9;5;9;0,555555556
3;2;9;0,222222222
3,1;2;9;0,222222222
3,2;5;9;0,555555556
3,3;4;9;0,444444444
3,4;2;8;0,25
3,5;2;8;0,25
3,6;3;8;0,375
3,7;2;8;0,25
3,8;5;8;0,625
3,9;6;8;0,75
4;3;8;0,375
4,1;5;8;0,625
4,3;3;8;0,375
4,5;5;8;0,625
4,6;4;8;0,5
4,8;4;8;0,5
5;4;8;0,5
1,1;12;2062;0,005819593
1,2;12;289;0,041522491
1,3;12;88;0,136363636
1,4;15;57;0,263157895
1,5;25;42;0,595238095
1,6;12;35;0,342857143
1,7;40;29;1,379310345
1,8;34;26;1,307692308
1,9;50;25;2
2;15;25;0,6
2,1;45;23;1,956521739
2,2;48;22;2,181818182
2,3;51;22;2,318181818
2,4;52;20;2,6
2,5;13;19;0,684210526
2,6;12;19;0,631578947
2,7;12;19;0,631578947
2,8;11;19;0,578947368
2,9;43;18;2,388888889
3;23;18;1,277777778
3,1;44;18;2,444444444
3,2;51;18;2,833333333
3,3;13;18;0,722222222
3,4;43;18;2,388888889
3,5;57;17;3,352941176
3,6;13;17;0,764705882
3,7;14;17;0,823529412
3,8;13;17;0,764705882
3,9;45;17;2,647058824
4;55;17;3,235294118
4,1;27;17;1,588235294
4,3;60;16;3,75
4,5;25;16;1,5625
4,6;33;16;2,0625
4,8;60;16;3,75
5;13;16;0,8125
1,1;0;31;0
1,2;0;16;0
1,3;0;10;0
1,4;0;10;0
1,5;0;7;0
1,6;0;7;0
1,7;0;7;0
1,8;0;6;0
1,9;0;6;0
2;0;6;0
2,1;0;6;0
2,2;0;6;0
2,3;0;6;0
2,4;0;5;0
2,5;0;5;0
2,6;0;5;0
2,7;0;5;0
2,8;0;5;0
2,9;0;5;0
3;0;5;0
3,1;0;5;0
3,2;0;5;0
3,3;0;5;0
3,4;0;5;0
3,5;0;5;0
3,6;0;5;0
3,7;0;5;0
3,8;0;5;0
3,9;0;5;0
4;0;5;0
4,1;0;5;0
4,3;0;5;0
4,5;0;5;0
4,6;0;5;0
4,8;0;5;0
5;0;5;0
1,1;10;32897;0,000303979
1,2;10;1169;0,00855432
1,3;14;217;0,064516129
1,4;11;124;0,088709677
1,5;12;93;0,129032258
1,6;13;72;0,180555556
1,7;11;57;0,192982456
1,8;56;50;1,12
1,9;10;47;0,212765957
2;25;47;0,531914894
2,1;49;40;1,225
2,2;80;37;2,162162162
2,3;27;37;0,72972973
2,4;23;36;0,638888889
2,5;29;36;0,805555556
2,6;26;33;0,787878788
2,7;49;33;1,484848485
2,8;67;33;2,03030303
2,9;58;30;1,933333333
3;95;30;3,166666667
3,1;63;30;2,1
3,2;27;30;0,9
3,3;13;29;0,448275862
3,4;75;29;2,586206897
3,5;40;29;1,379310345
3,6;96;29;3,310344828
3,7;97;29;3,344827586
3,8;65;28;2,321428571
3,9;14;28;0,5
4;79;28;2,821428571
4,1;16;28;0,571428571
4,3;12;28;0,428571429
4,5;16;27;0,592592593
4,6;16;27;0,592592593
4,8;51;27;1,888888889
5;90;27;3,333333333
1,1;0;0;#DIV/0!
1,2;0;0;#DIV/0!
1,3;0;0;#DIV/0!
1,4;0;0;#DIV/0!
1,5;0;0;#DIV/0!
1,6;0;0;#DIV/0!
1,7;0;0;#DIV/0!
1,8;0;0;#DIV/0!
1,9;0;0;#DIV/0!
2;0;0;#DIV/0!
2,1;0;0;#DIV/0!
2,2;0;0;#DIV/0!
2,3;0;0;#DIV/0!
2,4;0;0;#DIV/0!
2,5;0;0;#DIV/0!
2,6;0;0;#DIV/0!
2,7;0;0;#DIV/0!
2,8;0;0;#DIV/0!
2,9;0;0;#DIV/0!
3;0;0;#DIV/0!
3,1;0;0;#DIV/0!
3,2;0;0;#DIV/0!
3,3;0;0;#DIV/0!
3,4;0;0;#DIV/0!
3,5;0;0;#DIV/0!
3,6;0;0;#DIV/0!
3,7;0;0;#DIV/0!
3,8;0;0;#DIV/0!
3,9;0;0;#DIV/0!
4;0;0;#DIV/0!
4,1;0;0;#DIV/0!
4,3;0;0;#DIV/0!
4,5;0;0;#DIV/0!
4,6;0;0;#DIV/0!
4,8;0;0;#DIV/0!
5;0;0;#DIV/0!
1,1;10;2054;0,004868549
1,2;10;273;0,036630037
1,3;11;86;0,127906977
1,4;33;53;0,622641509
1,5;12;38;0,315789474
1,6;21;31;0,677419355
1,7;34;27;1,259259259
1,8;24;24;1
1,9;21;24;0,875
2;21;24;0,875
2,1;12;21;0,571428571
2,2;39;21;1,857142857
2,3;27;18;1,5
2,4;45;18;2,5
2,5;24;18;1,333333333
2,6;40;18;2,222222222
2,7;48;17;2,823529412
2,8;40;17;2,352941176
2,9;23;17;1,352941176
3;35;17;2,058823529
3,1;13;17;0,764705882
3,2;14;16;0,875
3,3;23;16;1,4375
3,4;48;16;3
3,5;26;16;1,625
3,6;22;16;1,375
3,7;54;16;3,375
3,8;52;16;3,25
3,9;47;16;2,9375
4;12;16;0,75
4,1;30;15;2
4,3;48;15;3,2
4,5;25;15;1,666666667
4,6;13;15;0,866666667
4,8;42;15;2,8
5;45;15;3
1,1;1;512;0,001953125
1,2;1;134;0,007462687
1,3;2;41;0,048780488
1,4;3;26;0,115384615
1,5;1;26;0,038461538
1,6;1;19;0,052631579
1,7;2;19;0,105263158
1,8;1;16;0,0625
1,9;1;16;0,0625
2;1;16;0,0625
2,1;1;13;0,076923077
2,2;6;13;0,461538462
2,3;3;13;0,230769231
2,4;1;13;0,076923077
2,5;3;12;0,25
2,6;4;12;0,333333333
2,7;3;12;0,25
2,8;7;12;0,583333333
2,9;4;12;0,333333333
3;6;12;0,5
3,1;2;11;0,181818182
3,2;5;11;0,454545455
3,3;5;11;0,454545455
3,4;4;11;0,363636364
3,5;4;11;0,363636364
3,6;1;11;0,090909091
3,7;3;11;0,272727273
3,8;3;11;0,272727273
3,9;3;11;0,272727273
4;4;11;0,363636364
4,1;3;10;0,3
4,3;3;10;0,3
4,5;6;10;0,6
4,6;7;10;0,7
4,8;2;10;0,2
5;3;10;0,3
1,1;0;3;0
1,2;0;2;0
1,3;0;2;0
1,4;0;2;0
1,5;0;2;0
1,6;0;2;0
1,7;0;2;0
1,8;0;2;0
1,9;0;2;0
2;0;2;0
2,1;0;2;0
2,2;0;2;0
2,3;0;2;0
2,4;0;2;0
2,5;0;2;0
2,6;0;2;0
2,7;0;2;0
2,8;0;2;0
2,9;0;2;0
3;0;2;0
3,1;0;2;0
3,2;0;2;0
3,3;0;2;0
3,4;0;2;0
3,5;0;2;0
3,6;0;2;0
3,7;0;2;0
3,8;0;2;0
3,9;0;2;0
4;0;2;0
4,1;0;2;0
4,3;0;2;0
4,5;0;2;0
4,6;0;2;0
4,8;0;2;0
5;0;2;0
1,1;3;16447;0,000182404
1,2;4;1096;0,003649635
1,3;3;182;0,016483516
1,4;5;113;0,044247788
1,5;3;82;0,036585366
1,6;4;53;0,075471698
1,7;4;50;0,08
1,8;4;43;0,093023256
1,9;7;43;0,162790698
2;6;36;0,166666667
2,1;4;33;0,121212121
2,2;6;33;0,181818182
2,3;6;33;0,181818182
2,4;11;30;0,366666667
2,5;10;30;0,333333333
2,6;29;29;1
2,7;21;27;0,777777778
2,8;23;27;0,851851852
2,9;4;26;0,153846154
3;11;26;0,423076923
3,1;7;26;0,269230769
3,2;33;26;1,269230769
3,3;23;25;0,92
3,4;36;25;1,44
3,5;7;25;0,28
3,6;6;25;0,24
3,7;9;25;0,36
3,8;14;25;0,56
3,9;33;24;1,375
4;34;24;1,416666667
4,1;33;24;1,375
4,3;3;24;0,125
4,5;5;24;0,208333333
4,6;12;24;0,5
4,8;6;23;0,260869565
5;8;23;0,347826087
1,1;2;15;0,133333333
1,2;4;15;0,266666667
1,3;5;8;0,625
1,4;2;6;0,333333333
1,5;7;6;1,166666667
1,6;4;5;0,8
1,7;5;5;1
1,8;4;5;0,8
1,9;4;5;0,8
2;2;5;0,4
2,1;6;4;1,5
2,2;7;4;1,75
2,3;5;4;1,25
2,4;7;4;1,75
2,5;7;4;1,75
2,6;4;4;1
2,7;4;4;1
2,8;2;4;0,5
2,9;7;4;1,75
3;7;4;1,75
3,1;2;4;0,5
3,2;4;4;1
3,3;5;4;1,25
3,4;7;4;1,75
3,5;6;4;1,5
3,6;7;4;1,75
3,7;4;4;1
3,8;7;4;1,75
3,9;5;4;1,25
4;2;4;0,5
4,1;7;4;1,75
4,3;2;4;0,5
4,5;5;4;1,25
4,6;5;4;1,25
4,8;6;4;1,5
5;5;4;1,25
1,1;6;256;0,0234375
1,2;5;70;0,071428571
1,3;5;39;0,128205128
1,4;8;24;0,333333333
1,5;5;18;0,277777778
1,6;7;15;0,466666667
1,7;7;15;0,466666667
1,8;6;15;0,4
1,9;8;12;0,666666667
2;18;12;1,5
2,1;15;12;1,25
2,2;10;11;0,909090909
2,3;6;11;0,545454545
2,4;19;11;1,727272727
2,5;17;11;1,545454545
2,6;6;11;0,545454545
2,7;5;11;0,454545455
2,8;10;10;1
2,9;5;10;0,5
3;5;10;0,5
3,1;18;10;1,8
3,2;6;10;0,6
3,3;7;10;0,7
3,4;7;10;0,7
3,5;18;10;1,8
3,6;5;10;0,5
3,7;11;9;1,222222222
3,8;20;9;2,222222222
3,9;7;9;0,777777778
4;18;9;2
4,1;12;9;1,333333333
4,3;17;9;1,888888889
4,5;5;9;0,555555556
4,6;19;9;2,111111111
4,8;18;9;2
5;15;9;1,666666667
1,1;9;4126;0,002181289
1,2;9;546;0,016483516
1,3;12;105;0,114285714
1,4;11;74;0,148648649
1,5;11;59;0,186440678
1,6;9;38;0,236842105
1,7;12;38;0,315789474
1,8;13;31;0,419354839
1,9;13;31;0,419354839
2;12;28;0,428571429
2,1;38;28;1,357142857
2,2;49;25;1,96
2,3;14;25;0,56
2,4;52;22;2,363636364
2,5;27;22;1,227272727
2,6;9;22;0,409090909
2,7;57;22;2,590909091
2,8;12;21;0,571428571
2,9;33;21;1,571428571
3;26;21;1,238095238
3,1;56;21;2,666666667
3,2;64;20;3,2
3,3;53;20;2,65
3,4;9;20;0,45
3,5;16;20;0,8
3,6;46;20;2,3
3,7;26;20;1,3
3,8;13;20;0,65
3,9;32;19;1,684210526
4;63;19;3,315789474
4,1;24;19;1,263157895
4,3;53;19;2,789473684
4,5;58;19;3,052631579
4,6;62;19;3,263157895
4,8;42;18;2,333333333
5;49;18;2,722222222
1,1;3;127;0,023622047
1,2;5;34;0,147058824
1,3;3;19;0,157894737
1,4;4;15;0,266666667
1,5;3;15;0,2
1,6;5;12;0,416666667
1,7;4;10;0,4
1,8;4;9;0,444444444
1,9;3;9;0,333333333
2;6;9;0,666666667
2,1;3;9;0,333333333
2,2;3;9;0,333333333
2,3;4;8;0,5
2,4;8;8;1
2,5;3;8;0,375
2,6;5;8;0,625
2,7;3;8;0,375
2,8;4;8;0,5
2,9;3;8;0,375
3;3;8;0,375
3,1;4;7;0,571428571
3,2;5;7;0,714285714
3,3;8;7;1,142857143
3,4;4;7;0,571428571
3,5;4;7;0,571428571
3,6;4;7;0,571428571
3,7;5;7;0,714285714
3,8;5;7;0,714285714
3,9;7;7;1
4;3;7;0,428571429
4,1;7;7;1
4,3;5;7;0,714285714
4,5;4;7;0,571428571
4,6;8;7;1,142857143
4,8;3;7;0,428571429
5;4;7;0,571428571
1,1;3;65797;4,55948E-05
1,2;3;2213;0,001355626
1,3;3;363;0,008264463
1,4;3;221;0,013574661
1,5;3;128;0,0234375
1,6;4;85;0,047058824
1,7;3;70;0,042857143
1,8;5;61;0,081967213
1,9;3;54;0,055555556
2;7;53;0,132075472
2,1;26;46;0,565217391
2,2;3;44;0,068181818
2,3;4;43;0,093023256
2,4;5;43;0,11627907
2,5;5;40;0,125
2,6;5;40;0,125
2,7;3;37;0,081081081
2,8;14;37;0,378378378
2,9;3;37;0,081081081
3;9;36;0,25
3,1;49;34;1,441176471
3,2;20;34;0,588235294
3,3;30;33;0,909090909
3,4;7;33;0,212121212
3,5;42;33;1,272727273
3,6;34;33;1,03030303
3,7;21;32;0,65625
3,8;18;32;0,5625
3,9;28;32;0,875
4;21;32;0,65625
4,1;8;32;0,25
4,3;3;31;0,096774194
4,5;5;31;0,161290323
4,6;5;31;0,161290323
4,8;11;31;0,35483871
5;7;30;0,233333333
1,1;0;256;0
1,2;0;70;0
1,3;0;39;0
1,4;0;24;0
1,5;0;18;0
1,6;0;15;0
1,7;0;15;0
1,8;0;15;0
1,9;0;12;0
2;0;12;0
2,1;0;12;0
2,2;0;11;0
2,3;0;11;0
2,4;0;11;0
2,5;0;11;0
2,6;0;11;0
2,7;0;11;0
2,8;0;10;0
2,9;0;10;0
3;0;10;0
3,1;0;10;0
3,2;0;10;0
3,3;0;10;0
3,4;0;10;0
3,5;0;10;0
3,6;0;10;0
3,7;0;9;0
3,8;0;9;0
3,9;0;9;0
4;0;9;0
4,1;0;9;0
4,3;0;9;0
4,5;0;9;0
4,6;0;9;0
4,8;0;9;0
5;0;9;0
1,1;15;65797;0,000227974
1,2;15;2213;0,006778129
1,3;15;363;0,041322314
1,4;18;221;0,081447964
1,5;16;128;0,125
1,6;18;85;0,211764706
1,7;18;70;0,257142857
1,8;66;61;1,081967213
1,9;34;54;0,62962963
2;54;53;1,018867925
2,1;62;46;1,347826087
2,2;77;44;1,75
2,3;52;43;1,209302326
2,4;64;43;1,488372093
2,5;63;40;1,575
2,6;115;40;2,875
2,7;98;37;2,648648649
2,8;100;37;2,702702703
2,9;100;37;2,702702703
3;36;36;1
3,1;47;34;1,382352941
3,2;50;34;1,470588235
3,3;77;33;2,333333333
3,4;130;33;3,939393939
3,5;18;33;0,545454545
3,6;97;33;2,939393939
3,7;73;32;2,28125
3,8;55;32;1,71875
3,9;16;32;0,5
4;106;32;3,3125
4,1;81;32;2,53125
4,3;16;31;0,516129032
4,5;66;31;2,129032258
4,6;20;31;0,64516129
4,8;132;31;4,258064516
5;88;30;2,933333333
1,1;2;15;0,133333333
1,2;1;15;0,066666667
1,3;1;8;0,125
1,4;1;6;0,166666667
1,5;1;6;0,166666667
1,6;1;5;0,2
1,7;1;5;0,2
1,8;3;5;0,6
1,9;2;5;0,4
2;4;5;0,8
2,1;1;4;0,25
2,2;1;4;0,25
2,3;1;4;0,25
2,4;2;4;0,5
2,5;3;4;0,75
2,6;4;4;1
2,7;4;4;1
2,8;4;4;1
2,9;4;4;1
3;1;4;0,25
3,1;2;4;0,5
3,2;2;4;0,5
3,3;1;4;0,25
3,4;1;4;0,25
3,5;1;4;0,25
3,6;3;4;0,75
3,7;1;4;0,25
3,8;4;4;1
3,9;2;4;0,5
4;3;4;0,75
4,1;2;4;0,5
4,3;1;4;0,25
4,5;5;4;1,25
4,6;2;4;0,5
4,8;4;4;1
5;4;4;1
1,1;0;0;#DIV/0!
1,2;0;0;#DIV/0!
1,3;0;0;#DIV/0!
1,4;0;0;#DIV/0!
1,5;0;0;#DIV/0!
1,6;0;0;#DIV/0!
1,7;0;0;#DIV/0!
1,8;0;0;#DIV/0!
1,9;0;0;#DIV/0!
2;0;0;#DIV/0!
2,1;0;0;#DIV/0!
2,2;0;0;#DIV/0!
2,3;0;0;#DIV/0!
2,4;0;0;#DIV/0!
2,5;0;0;#DIV/0!
2,6;0;0;#DIV/0!
2,7;0;0;#DIV/0!
2,8;0;0;#DIV/0!
2,9;0;0;#DIV/0!
3;0;0;#DIV/0!
3,1;0;0;#DIV/0!
3,2;0;0;#DIV/0!
3,3;0;0;#DIV/0!
3,4;0;0;#DIV/0!
3,5;0;0;#DIV/0!
3,6;0;0;#DIV/0!
3,7;0;0;#DIV/0!
3,8;0;0;#DIV/0!
3,9;0;0;#DIV/0!
4;0;0;#DIV/0!
4,1;0;0;#DIV/0!
4,3;0;0;#DIV/0!
4,5;0;0;#DIV/0!
4,6;0;0;#DIV/0!
4,8;0;0;#DIV/0!
5;0;0;#DIV/0!
1,1;1;2054;0,000486855
1,2;1;273;0,003663004
1,3;1;86;0,011627907
1,4;1;53;0,018867925
1,5;3;38;0,078947368
1,6;6;31;0,193548387
1,7;1;27;0,037037037
1,8;4;24;0,166666667
1,9;1;24;0,041666667
2;1;24;0,041666667
2,1;1;21;0,047619048
2,2;1;21;0,047619048
2,3;18;18;1
2,4;8;18;0,444444444
2,5;7;18;0,388888889
2,6;1;18;0,055555556
2,7;1;17;0,058823529
2,8;6;17;0,352941176
2,9;3;17;0,176470588
3;8;17;0,470588235
3,1;16;17;0,941176471
3,2;17;16;1,0625
3,3;1;16;0,0625
3,4;1;16;0,0625
3,5;3;16;0,1875
3,6;1;16;0,0625
3,7;3;16;0,1875
3,8;5;16;0,3125
3,9;8;16;0,5
4;1;16;0,0625
4,1;3;15;0,2
4,3;22;15;1,466666667
4,5;3;15;0,2
4,6;9;15;0,6
4,8;18;15;1,2
5;1;15;0,066666667
1,1;14;32897;0,000425571
1,2;14;1169;0,011976048
1,3;19;217;0,087557604
1,4;14;124;0,112903226
1,5;14;93;0,150537634
1,6;19;72;0,263888889
1,7;14;57;0,245614035
1,8;74;50;1,48
1,9;19;47;0,404255319
2;34;47;0,723404255
2,1;17;40;0,425
2,2;52;37;1,405405405
2,3;15;37;0,405405405
2,4;51;36;1,416666667
2,5;65;36;1,805555556
2,6;117;33;3,545454545
2,7;49;33;1,484848485
2,8;78;33;2,363636364
2,9;102;30;3,4
3;102;30;3,4
3,1;18;30;0,6
3,2;18;30;0,6
3,3;90;29;3,103448276
3,4;126;29;4,344827586
3,5;117;29;4,034482759
3,6;113;29;3,896551724
3,7;105;29;3,620689655
3,8;20;28;0,714285714
3,9;20;28;0,714285714
4;112;28;4
4,1;92;28;3,285714286
4,3;67;28;2,392857143
4,5;65;27;2,407407407
4,6;19;27;0,703703704
4,8;91;27;3,37037037
5;76;27;2,814814815
1,1;9;8254;0,00109038
1,2;9;582;0,015463918
1,3;9;177;0,050847458
1,4;9;108;0,083333333
1,5;13;77;0,168831169
1,6;24;50;0,48
1,7;13;47;0,276595745
1,8;48;40;1,2
1,9;16;34;0,470588235
2;37;33;1,121212121
2,1;22;30;0,733333333
2,2;37;30;1,233333333
2,3;21;28;0,75
2,4;9;27;0,333333333
2,5;21;27;0,777777778
2,6;55;27;2,037037037
2,7;13;24;0,541666667
2,8;52;24;2,166666667
2,9;57;24;2,375
3;15;24;0,625
3,1;59;23;2,565217391
3,2;43;23;1,869565217
3,3;27;23;1,173913043
3,4;14;23;0,608695652
3,5;37;23;1,608695652
3,6;9;22;0,409090909
3,7;63;22;2,863636364
3,8;52;22;2,363636364
3,9;24;22;1,090909091
4;46;22;2,090909091
4,1;56;22;2,545454545
4,3;56;21;2,666666667
4,5;9;21;0,428571429
4,6;65;21;3,095238095
4,8;63;21;3
5;13;21;0,619047619
1,1;12;1030;0,011650485
1,2;13;271;0,04797048
1,3;13;82;0,158536585
1,4;13;51;0,254901961
1,5;23;37;0,621621622
1,6;26;30;0,866666667
1,7;13;23;0,565217391
1,8;26;23;1,130434783
1,9;24;20;1,2
2;13;20;0,65
2,1;14;20;0,7
2,2;46;17;2,705882353
2,3;50;17;2,941176471
2,4;47;17;2,764705882
2,5;42;17;2,470588235
2,6;41;16;2,5625
2,7;41;16;2,5625
2,8;49;16;3,0625
2,9;25;16;1,5625
3;33;16;2,0625
3,1;33;15;2,2
3,2;13;15;0,866666667
3,3;13;15;0,866666667
3,4;13;15;0,866666667
3,5;48;15;3,2
3,6;33;15;2,2
3,7;34;15;2,266666667
3,8;34;14;2,428571429
3,9;42;14;3
4;23;14;1,642857143
4,1;34;14;2,428571429
4,3;25;14;1,785714286
4,5;53;14;3,785714286
4,6;25;14;1,785714286
4,8;40;14;2,857142857
5;51;14;3,642857143
1,1;0;13;0
1,2;0;9;0
1,3;0;7;0
1,4;0;7;0
1,5;0;7;0
1,6;0;7;0
1,7;0;7;0
1,8;0;7;0
1,9;0;7;0
2;0;7;0
2,1;0;7;0
2,2;0;7;0
2,3;0;7;0
2,4;0;7;0
2,5;0;7;0
2,6;0;7;0
2,7;0;7;0
2,8;0;7;0
2,9;0;7;0
3;0;7;0
3,1;0;7;0
3,2;0;7;0
3,3;0;7;0
3,4;0;7;0
3,5;0;7;0
3,6;0;7;0
3,7;0;7;0
3,8;0;7;0
3,9;0;7;0
4;0;7;0
4,1;0;7;0
4,3;0;7;0
4,5;0;7;0
4,6;0;7;0
4,8;0;7;0
5;0;7;0
1,1;4;4110;0,000973236
1,2;4;545;0,00733945
1,3;4;89;0,04494382
1,4;6;58;0,103448276
1,5;4;58;0,068965517
1,6;10;37;0,27027027
1,7;6;30;0,2
1,8;19;27;0,703703704
1,9;18;27;0,666666667
2;17;27;0,62962963
2,1;13;24;0,541666667
2,2;10;24;0,416666667
2,3;5;23;0,217391304
2,4;6;21;0,285714286
2,5;20;21;0,952380952
2,6;10;20;0,5
2,7;33;20;1,65
2,8;14;20;0,7
2,9;13;20;0,65
3;6;20;0,3
3,1;4;19;0,210526316
3,2;6;19;0,315789474
3,3;9;19;0,473684211
3,4;21;19;1,105263158
3,5;14;19;0,736842105
3,6;24;18;1,333333333
3,7;6;18;0,333333333
3,8;28;18;1,555555556
3,9;34;18;1,888888889
4;28;18;1,555555556
4,1;21;18;1,166666667
4,3;6;18;0,333333333
4,5;6;18;0,333333333
4,6;33;17;1,941176471
4,8;13;17;0,764705882
5;9;17;0,529411765
1,1;6;16513;0,00036335
1,2;6;1105;0,005429864
1,3;6;216;0,027777778
1,4;11;122;0,090163934
1,5;10;85;0,117647059
1,6;9;70;0,128571429
1,7;21;55;0,381818182
1,8;27;48;0,5625
1,9;25;46;0,543478261
2;17;45;0,377777778
2,1;13;38;0,342105263
2,2;12;36;0,333333333
2,3;11;35;0,314285714
2,4;11;35;0,314285714
2,5;25;35;0,714285714
2,6;9;32;0,28125
2,7;40;32;1,25
2,8;59;29;2,034482759
2,9;9;29;0,310344828
3;12;29;0,413793103
3,1;52;29;1,793103448
3,2;11;28;0,392857143
3,3;73;28;2,607142857
3,4;24;28;0,857142857
3,5;31;28;1,107142857
3,6;50;27;1,851851852
3,7;23;27;0,851851852
3,8;6;27;0,222222222
3,9;46;27;1,703703704
4;9;27;0,333333333
4,1;36;27;1,333333333
4,3;33;26;1,269230769
4,5;19;26;0,730769231
4,6;11;26;0,423076923
4,8;67;26;2,576923077
5;30;26;1,153846154
1,1;0;0;#DIV/0!
1,2;0;0;#DIV/0!
1,3;0;0;#DIV/0!
1,4;0;0;#DIV/0!
1,5;0;0;#DIV/0!
1,6;0;0;#DIV/0!
1,7;0;0;#DIV/0!
1,8;0;0;#DIV/0!
1,9;0;0;#DIV/0!
2;0;0;#DIV/0!
2,1;0;0;#DIV/0!
2,2;0;0;#DIV/0!
2,3;0;0;#DIV/0!
2,4;0;0;#DIV/0!
2,5;0;0;#DIV/0!
2,6;0;0;#DIV/0!
2,7;0;0;#DIV/0!
2,8;0;0;#DIV/0!
2,9;0;0;#DIV/0!
3;0;0;#DIV/0!
3,1;0;0;#DIV/0!
3,2;0;0;#DIV/0!
3,3;0;0;#DIV/0!
3,4;0;0;#DIV/0!
3,5;0;0;#DIV/0!
3,6;0;0;#DIV/0!
3,7;0;0;#DIV/0!
3,8;0;0;#DIV/0!
3,9;0;0;#DIV/0!
4;0;0;#DIV/0!
4,1;0;0;#DIV/0!
4,3;0;0;#DIV/0!
4,5;0;0;#DIV/0!
4,6;0;0;#DIV/0!
4,8;0;0;#DIV/0!
5;0;0;#DIV/0!
1,1;3;512;0,005859375
1,2;3;134;0,02238806
1,3;3;41;0,073170732
1,4;4;26;0,153846154
1,5;6;26;0,230769231
1,6;3;19;0,157894737
1,7;6;19;0,315789474
1,8;11;16;0,6875
1,9;4;16;0,25
2;4;16;0,25
2,1;4;13;0,307692308
2,2;3;13;0,230769231
2,3;14;13;1,076923077
2,4;3;13;0,230769231
2,5;5;12;0,416666667
2,6;12;12;1
2,7;13;12;1,083333333
2,8;6;12;0,5
2,9;4;12;0,333333333
3;14;12;1,166666667
3,1;18;11;1,636363636
3,2;12;11;1,090909091
3,3;16;11;1,454545455
3,4;7;11;0,636363636
3,5;6;11;0,545454545
3,6;14;11;1,272727273
3,7;3;11;0,272727273
3,8;8;11;0,727272727
3,9;14;11;1,272727273
4;15;11;1,363636364
4,1;10;10;1
4,3;3;10;0,3
4,5;14;10;1,4
4,6;17;10;1,7
4,8;6;10;0,6
5;9;10;0,9
1,1;1;7;0,142857143
1,2;1;7;0,142857143
1,3;1;4;0,25
1,4;2;4;0,5
1,5;1;4;0,25
1,6;1;4;0,25
1,7;2;3;0,666666667
1,8;2;3;0,666666667
1,9;2;3;0,666666667
2;1;3;0,333333333
2,1;1;3;0,333333333
2,2;2;3;0,666666667
2,3;2;3;0,666666667
2,4;1;3;0,333333333
2,5;1;3;0,333333333
2,6;1;3;0,333333333
2,7;1;3;0,333333333
2,8;1;3;0,333333333
2,9;1;3;0,333333333
3;2;3;0,666666667
3,1;2;3;0,666666667
3,2;1;3;0,333333333
3,3;2;3;0,666666667
3,4;1;3;0,333333333
3,5;1;3;0,333333333
3,6;2;3;0,666666667
3,7;1;3;0,333333333
3,8;1;3;0,333333333
3,9;2;3;0,666666667
4;1;3;0,333333333
4,1;2;3;0,666666667
4,3;1;3;0,333333333
4,5;2;3;0,666666667
4,6;2;3;0,666666667
4,8;1;3;0,333333333
5;1;3;0,333333333
1,1;9;32897;0,000273581
1,2;9;1169;0,007698888
1,3;9;217;0,041474654
1,4;13;124;0,10483871
1,5;9;93;0,096774194
1,6;32;72;0,444444444
1,7;20;57;0,350877193
1,8;11;50;0,22
1,9;13;47;0,276595745
2;24;47;0,510638298
2,1;17;40;0,425
2,2;9;37;0,243243243
2,3;11;37;0,297297297
2,4;58;36;1,611111111
2,5;10;36;0,277777778
2,6;10;33;0,303030303
2,7;15;33;0,454545455
2,8;11;33;0,333333333
2,9;27;30;0,9
3;9;30;0,3
3,1;56;30;1,866666667
3,2;14;30;0,466666667
3,3;69;29;2,379310345
3,4;10;29;0,344827586
3,5;28;29;0,965517241
3,6;9;29;0,310344828
3,7;57;29;1,965517241
3,8;15;28;0,535714286
3,9;44;28;1,571428571
4;72;28;2,571428571
4,1;12;28;0,428571429
4,3;59;28;2,107142857
4,5;28;27;1,037037037
4,6;25;27;0,925925926
4,8;45;27;1,666666667
5;34;27;1,259259259
1,1;0;389;0
1,2;0;71;0
1,3;0;43;0
1,4;0;33;0
1,5;0;28;0
1,6;0;24;0
1,7;0;23;0
1,8;0;22;0
1,9;0;21;0
2;0;21;0
2,1;0;20;0
2,2;0;19;0
2,3;0;19;0
2,4;0;18;0
2,5;0;18;0
2,6;0;18;0
2,7;0;18;0
2,8;0;18;0
2,9;0;18;0
3;0;18;0
3,1;0;18;0
3,2;0;18;0
3,3;0;18;0
3,4;0;18;0
3,5;0;18;0
3,6;0;18;0
3,7;0;18;0
3,8;0;18;0
3,9;0;18;0
4;0;18;0
4,1;0;18;0
4,3;0;18;0
4,5;0;18;0
4,6;0;18;0
4,8;0;18;0
5;0;18;0
1,1;0;256;0
1,2;0;70;0
1,3;0;39;0
1,4;0;24;0
1,5;0;18;0
1,6;0;15;0
1,7;0;15;0
1,8;0;15;0
1,9;0;12;0
2;0;12;0
2,1;0;12;0
2,2;0;11;0
2,3;0;11;0
2,4;0;11;0
2,5;0;11;0
2,6;0;11;0
2,7;0;11;0
2,8;0;10;0
2,9;0;10;0
3;0;10;0
3,1;0;10;0
3,2;0;10;0
3,3;0;10;0
3,4;0;10;0
3,5;0;10;0
3,6;0;10;0
3,7;0;9;0
3,8;0;9;0
3,9;0;9;0
4;0;9;0
4,1;0;9;0
4,3;0;9;0
4,5;0;9;0
4,6;0;9;0
4,8;0;9;0
5;0;9;0
1,1;0;1;0
1,2;0;1;0
1,3;0;1;0
1,4;0;1;0
1,5;0;1;0
1,6;0;1;0
1,7;0;1;0
1,8;0;1;0
1,9;0;1;0
2;0;1;0
2,1;0;1;0
2,2;0;1;0
2,3;0;1;0
2,4;0;1;0
2,5;0;1;0
2,6;0;1;0
2,7;0;1;0
2,8;0;1;0
2,9;0;1;0
3;0;1;0
3,1;0;1;0
3,2;0;1;0
3,3;0;1;0
3,4;0;1;0
3,5;0;1;0
3,6;0;1;0
3,7;0;1;0
3,8;0;1;0
3,9;0;1;0
4;0;1;0
4,1;0;1;0
4,3;0;1;0
4,5;0;1;0
4,6;0;1;0
4,8;0;1;0
5;0;1;0
1,1;0;1;0
1,2;0;1;0
1,3;0;1;0
1,4;0;1;0
1,5;0;1;0
1,6;0;1;0
1,7;0;1;0
1,8;0;1;0
1,9;0;1;0
2;0;1;0
2,1;0;1;0
2,2;0;1;0
2,3;0;1;0
2,4;0;1;0
2,5;0;1;0
2,6;0;1;0
2,7;0;1;0
2,8;0;1;0
2,9;0;1;0
3;0;1;0
3,1;0;1;0
3,2;0;1;0
3,3;0;1;0
3,4;0;1;0
3,5;0;1;0
3,6;0;1;0
3,7;0;1;0
3,8;0;1;0
3,9;0;1;0
4;0;1;0
4,1;0;1;0
4,3;0;1;0
4,5;0;1;0
4,6;0;1;0
4,8;0;1;0
5;0;1;0
1,1;3;7;0,428571429
1,2;3;7;0,428571429
1,3;3;4;0,75
1,4;3;4;0,75
1,5;5;4;1,25
1,6;5;4;1,25
1,7;4;3;1,333333333
1,8;3;3;1
1,9;5;3;1,666666667
2;5;3;1,666666667
2,1;5;3;1,666666667
2,2;3;3;1
2,3;5;3;1,666666667
2,4;4;3;1,333333333
2,5;5;3;1,666666667
2,6;6;3;2
2,7;4;3;1,333333333
2,8;5;3;1,666666667
2,9;5;3;1,666666667
3;5;3;1,666666667
3,1;5;3;1,666666667
3,2;6;3;2
3,3;4;3;1,333333333
3,4;6;3;2
3,5;4;3;1,333333333
3,6;5;3;1,666666667
3,7;5;3;1,666666667
3,8;4;3;1,333333333
3,9;3;3;1
4;5;3;1,666666667
4,1;3;3;1
4,3;3;3;1
4,5;3;3;1
4,6;6;3;2
4,8;3;3;1
5;5;3;1,666666667
1,1;2;33025;6,05602E-05
1,2;2;2193;0,000911993
1,3;2;345;0,005797101
1,4;3;156;0,019230769
1,5;2;125;0,016
1,6;2;73;0,02739726
1,7;5;58;0,086206897
1,8;5;51;0,098039216
1,9;9;51;0,176470588
2;9;48;0,1875
2,1;2;41;0,048780488
2,2;2;41;0,048780488
2,3;2;38;0,052631579
2,4;2;38;0,052631579
2,5;7;37;0,189189189
2,6;8;35;0,228571429
2,7;3;34;0,088235294
2,8;29;34;0,852941176
2,9;2;34;0,058823529
3;3;34;0,088235294
3,1;8;31;0,258064516
3,2;9;31;0,290322581
3,3;16;31;0,516129032
3,4;6;30;0,2
3,5;4;30;0,133333333
3,6;6;30;0,2
3,7;4;30;0,133333333
3,8;36;30;1,2
3,9;39;29;1,344827586
4;5;29;0,172413793
4,1;42;29;1,448275862
4,3;9;29;0,310344828
4,5;36;29;1,24137931
4,6;3;28;0,107142857
4,8;41;28;1,464285714
5;6;28;0,214285714
1,1;11;33025;0,000333081
1,2;11;2193;0,00501596
1,3;11;345;0,031884058
1,4;14;156;0,08974359
1,5;15;125;0,12
1,6;13;73;0,178082192
1,7;11;58;0,189655172
1,8;29;51;0,568627451
1,9;24;51;0,470588235
2;16;48;0,333333333
2,1;51;41;1,243902439
2,2;80;41;1,951219512
2,3;14;38;0,368421053
2,4;31;38;0,815789474
2,5;11;37;0,297297297
2,6;38;35;1,085714286
2,7;15;34;0,441176471
2,8;79;34;2,323529412
2,9;17;34;0,5
3;64;34;1,882352941
3,1;69;31;2,225806452
3,2;56;31;1,806451613
3,3;34;31;1,096774194
3,4;80;30;2,666666667
3,5;61;30;2,033333333
3,6;81;30;2,7
3,7;16;30;0,533333333
3,8;11;30;0,366666667
3,9;85;29;2,931034483
4;14;29;0,482758621
4,1;36;29;1,24137931
4,3;77;29;2,655172414
4,5;29;29;1
4,6;46;28;1,642857143
4,8;54;28;1,928571429
5;83;28;2,964285714
1,1;2;33029;6,05528E-05
1,2;2;2197;0,000910332
1,3;5;361;0,013850416
1,4;5;220;0,022727273
1,5;2;126;0,015873016
1,6;2;81;0,024691358
1,7;2;66;0,03030303
1,8;2;59;0,033898305
1,9;6;52;0,115384615
2;5;52;0,096153846
2,1;8;45;0,177777778
2,2;7;42;0,166666667
2,3;25;42;0,595238095
2,4;31;39;0,794871795
2,5;7;39;0,179487179
2,6;10;36;0,277777778
2,7;46;36;1,277777778
2,8;23;36;0,638888889
2,9;22;35;0,628571429
3;5;35;0,142857143
3,1;6;33;0,181818182
3,2;2;32;0,0625
3,3;5;32;0,15625
3,4;13;32;0,40625
3,5;40;32;1,25
3,6;14;31;0,451612903
3,7;40;31;1,290322581
3,8;6;31;0,193548387
3,9;9;31;0,290322581
4;22;31;0,709677419
4,1;29;30;0,966666667
4,3;14;30;0,466666667
4,5;5;30;0,166666667
4,6;35;30;1,166666667
4,8;2;29;0,068965517
5;9;29;0,310344828
1,1;3;66053;4,54181E-05
1,2;4;2215;0,001805869
1,3;3;371;0,008086253
1,4;3;225;0,013333333
1,5;3;132;0,022727273
1,6;6;86;0,069767442
1,7;9;71;0,126760563
1,8;3;62;0,048387097
1,9;20;55;0,363636364
2;5;55;0,090909091
2,1;6;48;0,125
2,2;3;45;0,066666667
2,3;6;45;0,133333333
2,4;22;44;0,5
2,5;14;42;0,333333333
2,6;3;41;0,073170732
2,7;4;41;0,097560976
2,8;5;38;0,131578947
2,9;6;38;0,157894737
3;43;38;1,131578947
3,1;5;35;0,142857143
3,2;7;35;0,2
3,3;7;35;0,2
3,4;3;34;0,088235294
3,5;34;34;1
3,6;14;34;0,411764706
3,7;15;34;0,441176471
3,8;3;33;0,090909091
3,9;6;33;0,181818182
4;42;33;1,272727273
4,1;6;33;0,181818182
4,3;3;32;0,09375
4,5;19;32;0,59375
4,6;5;32;0,15625
4,8;50;32;1,5625
5;43;32;1,34375
1,1;7;33029;0,000211935
1,2;6;2197;0,002730997
1,3;7;361;0,019390582
1,4;6;220;0,027272727
1,5;9;126;0,071428571
1,6;7;81;0,086419753
1,7;26;66;0,393939394
1,8;16;59;0,271186441
1,9;10;52;0,192307692
2;8;52;0,153846154
2,1;50;45;1,111111111
2,2;35;42;0,833333333
2,3;6;42;0,142857143
2,4;10;39;0,256410256
2,5;18;39;0,461538462
2,6;11;36;0,305555556
2,7;9;36;0,25
2,8;6;36;0,166666667
2,9;8;35;0,228571429
3;56;35;1,6
3,1;50;33;1,515151515
3,2;20;32;0,625
3,3;8;32;0,25
3,4;25;32;0,78125
3,5;71;32;2,21875
3,6;8;31;0,258064516
3,7;57;31;1,838709677
3,8;33;31;1,064516129
3,9;46;31;1,483870968
4;29;31;0,935483871
4,1;61;30;2,033333333
4,3;33;30;1,1
4,5;47;30;1,566666667
4,6;39;30;1,3
4,8;6;29;0,206896552
5;35;29;1,206896552
1,1;0;0;#DIV/0!
1,2;0;0;#DIV/0!
1,3;0;0;#DIV/0!
1,4;0;0;#DIV/0!
1,5;0;0;#DIV/0!
1,6;0;0;#DIV/0!
1,7;0;0;#DIV/0!
1,8;0;0;#DIV/0!
1,9;0;0;#DIV/0!
2;0;0;#DIV/0!
2,1;0;0;#DIV/0!
2,2;0;0;#DIV/0!
2,3;0;0;#DIV/0!
2,4;0;0;#DIV/0!
2,5;0;0;#DIV/0!
2,6;0;0;#DIV/0!
2,7;0;0;#DIV/0!
2,8;0;0;#DIV/0!
2,9;0;0;#DIV/0!
3;0;0;#DIV/0!
3,1;0;0;#DIV/0!
3,2;0;0;#DIV/0!
3,3;0;0;#DIV/0!
3,4;0;0;#DIV/0!
3,5;0;0;#DIV/0!
3,6;0;0;#DIV/0!
3,7;0;0;#DIV/0!
3,8;0;0;#DIV/0!
3,9;0;0;#DIV/0!
4;0;0;#DIV/0!
4,1;0;0;#DIV/0!
4,3;0;0;#DIV/0!
4,5;0;0;#DIV/0!
4,6;0;0;#DIV/0!
4,8;0;0;#DIV/0!
5;0;0;#DIV/0!
1,1;0;258;0
1,2;0;71;0
1,3;0;26;0
1,4;0;26;0
1,5;0;19;0
1,6;0;17;0
1,7;0;16;0
1,8;0;14;0
1,9;0;13;0
2;0;13;0
2,1;0;13;0
2,2;0;12;0
2,3;0;12;0
2,4;0;12;0
2,5;0;12;0
2,6;0;11;0
2,7;0;11;0
2,8;0;11;0
2,9;0;11;0
3;0;11;0
3,1;0;11;0
3,2;0;11;0
3,3;0;10;0
3,4;0;10;0
3,5;0;10;0
3,6;0;10;0
3,7;0;10;0
3,8;0;10;0
3,9;0;10;0
4;0;10;0
4,1;0;10;0
4,3;0;10;0
4,5;0;10;0
4,6;0;10;0
4,8;0;10;0
5;0;10;0
1,1;2;31;0,064516129
1,2;2;16;0,125
1,3;2;10;0,2
1,4;2;10;0,2
1,5;2;7;0,285714286
1,6;2;7;0,285714286
1,7;2;7;0,285714286
1,8;5;6;0,833333333
1,9;5;6;0,833333333
2;2;6;0,333333333
2,1;5;6;0,833333333
2,2;5;6;0,833333333
2,3;2;6;0,333333333
2,4;2;5;0,4
2,5;2;5;0,4
2,6;2;5;0,4
2,7;5;5;1
2,8;2;5;0,4
2,9;2;5;0,4
3;5;5;1
3,1;5;5;1
3,2;5;5;1
3,3;2;5;0,4
3,4;5;5;1
3,5;5;5;1
3,6;2;5;0,4
3,7;5;5;1
3,8;5;5;1
3,9;5;5;1
4;2;5;0,4
4,1;2;5;0,4
4,3;5;5;1
4,5;2;5;0,4
4,6;2;5;0,4
4,8;2;5;0,4
5;2;5;0,4
1,1;7;255;0,02745098
1,2;9;66;0,136363636
1,3;7;23;0,304347826
1,4;8;23;0,347826087
1,5;9;16;0,5625
1,6;14;14;1
1,7;20;11;1,818181818
1,8;7;11;0,636363636
1,9;23;11;2,090909091
2;16;11;1,454545455
2,1;7;10;0,7
2,2;15;10;1,5
2,3;7;10;0,7
2,4;7;10;0,7
2,5;23;10;2,3
2,6;13;9;1,444444444
2,7;7;9;0,777777778
2,8;9;9;1
2,9;21;9;2,333333333
3;9;9;1
3,1;7;9;0,777777778
3,2;16;9;1,777777778
3,3;21;9;2,333333333
3,4;23;8;2,875
3,5;15;8;1,875
3,6;8;8;1
3,7;9;8;1,125
3,8;23;8;2,875
3,9;14;8;1,75
4;22;8;2,75
4,1;21;8;2,625
4,3;25;8;3,125
4,5;21;8;2,625
4,6;9;8;1,125
4,8;20;8;2,5
5;8;8;1
1,1;4;2062;0,001939864
1,2;4;289;0,01384083
1,3;4;88;0,045454545
1,4;4;57;0,070175439
1,5;13;42;0,30952381
1,6;21;35;0,6
1,7;27;29;0,931034483
1,8;5;26;0,192307692
1,9;4;25;0,16
2;10;25;0,4
2,1;9;23;0,391304348
2,2;6;22;0,272727273
2,3;5;22;0,227272727
2,4;6;20;0,3
2,5;10;19;0,526315789
2,6;7;19;0,368421053
2,7;27;19;1,421052632
2,8;18;19;0,947368421
2,9;25;18;1,388888889
3;13;18;0,722222222
3,1;13;18;0,722222222
3,2;9;18;0,5
3,3;27;18;1,5
3,4;7;18;0,388888889
3,5;23;17;1,352941176
3,6;26;17;1,529411765
3,7;25;17;1,470588235
3,8;10;17;0,588235294
3,9;13;17;0,764705882
4;6;17;0,352941176
4,1;10;17;0,588235294
4,3;9;16;0,5625
4,5;4;16;0,25
4,6;6;16;0,375
4,8;21;16;1,3125
5;23;16;1,4375
1,1;0;0;#DIV/0!
1,2;0;0;#DIV/0!
1,3;0;0;#DIV/0!
1,4;0;0;#DIV/0!
1,5;0;0;#DIV/0!
1,6;0;0;#DIV/0!
1,7;0;0;#DIV/0!
1,8;0;0;#DIV/0!
1,9;0;0;#DIV/0!
2;0;0;#DIV/0!
2,1;0;0;#DIV/0!
2,2;0;0;#DIV/0!
2,3;0;0;#DIV/0!
2,4;0;0;#DIV/0!
2,5;0;0;#DIV/0!
2,6;0;0;#DIV/0!
2,7;0;0;#DIV/0!
2,8;0;0;#DIV/0!
2,9;0;0;#DIV/0!
3;0;0;#DIV/0!
3,1;0;0;#DIV/0!
3,2;0;0;#DIV/0!
3,3;0;0;#DIV/0!
3,4;0;0;#DIV/0!
3,5;0;0;#DIV/0!
3,6;0;0;#DIV/0!
3,7;0;0;#DIV/0!
3,8;0;0;#DIV/0!
3,9;0;0;#DIV/0!
4;0;0;#DIV/0!
4,1;0;0;#DIV/0!
4,3;0;0;#DIV/0!
4,5;0;0;#DIV/0!
4,6;0;0;#DIV/0!
4,8;0;0;#DIV/0!
5;0;0;#DIV/0!
1,1;23;33029;0,000696358
1,2;23;2197;0,010468821
1,3;25;361;0,069252078
1,4;26;220;0,118181818
1,5;25;126;0,198412698
1,6;27;81;0,333333333
1,7;26;66;0,393939394
1,8;70;59;1,186440678
1,9;95;52;1,826923077
2;50;52;0,961538462
2,1;25;45;0,555555556
2,2;109;42;2,595238095
2,3;23;42;0,547619048
2,4;25;39;0,641025641
2,5;26;39;0,666666667
2,6;47;36;1,305555556
2,7;155;36;4,305555556
2,8;50;36;1,388888889
2,9;153;35;4,371428571
3;91;35;2,6
3,1;72;33;2,181818182
3,2;68;32;2,125
3,3;109;32;3,40625
3,4;176;32;5,5
3,5;49;32;1,53125
3,6;123;31;3,967741935
3,7;23;31;0,741935484
3,8;152;31;4,903225806
3,9;159;31;5,129032258
4;111;31;3,580645161
4,1;73;30;2,433333333
4,3;91;30;3,033333333
4,5;25;30;0,833333333
4,6;48;30;1,6
4,8;162;29;5,586206897
5;166;29;5,724137931
1,1;21;16511;0,001271879
1,2;19;1104;0,017210145
1,3;21;184;0,114130435
1,4;22;121;0,181818182
1,5;21;84;0,25
1,6;73;54;1,351851852
1,7;22;54;0,407407407
1,8;41;47;0,872340426
1,9;41;44;0,931818182
2;22;44;0,5
2,1;76;37;2,054054054
2,2;23;34;0,676470588
2,3;44;34;1,294117647
2,4;62;34;1,823529412
2,5;22;31;0,709677419
2,6;102;31;3,290322581
2,7;42;28;1,5
2,8;90;28;3,214285714
2,9;22;28;0,785714286
3;60;28;2,142857143
3,1;79;27;2,925925926
3,2;22;27;0,814814815
3,3;91;27;3,37037037
3,4;79;27;2,925925926
3,5;74;26;2,846153846
3,6;104;26;4
3,7;130;26;5
3,8;77;26;2,961538462
3,9;21;26;0,807692308
4;126;26;4,846153846
4,1;100;25;4
4,3;79;25;3,16
4,5;122;25;4,88
4,6;94;25;3,76
4,8;63;25;2,52
5;44;24;1,833333333
1,1;4;31;0,129032258
1,2;5;16;0,3125
1,3;5;10;0,5
1,4;4;10;0,4
1,5;9;7;1,285714286
1,6;5;7;0,714285714
1,7;5;7;0,714285714
1,8;5;6;0,833333333
1,9;5;6;0,833333333
2;8;6;1,333333333
2,1;5;6;0,833333333
2,2;5;6;0,833333333
2,3;5;6;0,833333333
2,4;7;5;1,4
2,5;5;5;1
2,6;5;5;1
2,7;8;5;1,6
2,8;5;5;1
2,9;11;5;2,2
3;5;5;1
3,1;9;5;1,8
3,2;8;5;1,6
3,3;5;5;1
3,4;5;5;1
3,5;8;5;1,6
3,6;8;5;1,6
3,7;8;5;1,6
3,8;5;5;1
3,9;8;5;1,6
4;9;5;1,8
4,1;7;5;1,4
4,3;5;5;1
4,5;10;5;2
4,6;10;5;2
4,8;8;5;1,6
5;8;5;1,6
1,1;3;66053;4,54181E-05
1,2;4;2215;0,001805869
1,3;3;371;0,008086253
1,4;3;225;0,013333333
1,5;4;132;0,03030303
1,6;4;86;0,046511628
1,7;4;71;0,056338028
1,8;6;62;0,096774194
1,9;4;55;0,072727273
2;5;55;0,090909091
2,1;4;48;0,083333333
2,2;8;45;0,177777778
2,3;10;45;0,222222222
2,4;8;44;0,181818182
2,5;6;42;0,142857143
2,6;5;41;0,12195122
2,7;3;41;0,073170732
2,8;5;38;0,131578947
2,9;20;38;0,526315789
3;9;38;0,236842105
3,1;5;35;0,142857143
3,2;7;35;0,2
3,3;19;35;0,542857143
3,4;23;34;0,676470588
3,5;7;34;0,205882353
3,6;36;34;1,058823529
3,7;8;34;0,235294118
3,8;20;33;0,606060606
3,9;11;33;0,333333333
4;25;33;0,757575758
4,1;5;33;0,151515152
4,3;49;32;1,53125
4,5;11;32;0,34375
4,6;4;32;0,125
4,8;6;32;0,1875
5;32;32;1
1,1;8;512;0,015625
1,2;8;134;0,059701493
1,3;8;41;0,195121951
1,4;10;26;0,384615385
1,5;9;26;0,346153846
1,6;10;19;0,526315789
1,7;10;19;0,526315789
1,8;32;16;2
1,9;29;16;1,8125
2;10;16;0,625
2,1;29;13;2,230769231
2,2;8;13;0,615384615
2,3;18;13;1,384615385
2,4;29;13;2,230769231
2,5;10;12;0,833333333
2,6;11;12;0,916666667
2,7;18;12;1,5
2,8;10;12;0,833333333
2,9;10;12;0,833333333
3;9;12;0,75
3,1;9;11;0,818181818
3,2;32;11;2,909090909
3,3;10;11;0,909090909
3,4;18;11;1,636363636
3,5;24;11;2,181818182
3,6;18;11;1,636363636
3,7;10;11;0,909090909
3,8;17;11;1,545454545
3,9;26;11;2,363636364
4;28;11;2,545454545
4,1;25;10;2,5
4,3;32;10;3,2
4,5;31;10;3,1
4,6;32;10;3,2
4,8;18;10;1,8
5;10;10;1
1,1;16;66053;0,00024223
1,2;16;2215;0,007223476
1,3;19;371;0,051212938
1,4;17;225;0,075555556
1,5;19;132;0,143939394
1,6;41;86;0,476744186
1,7;56;71;0,788732394
1,8;21;62;0,338709677
1,9;35;55;0,636363636
2;23;55;0,418181818
2,1;18;48;0,375
2,2;22;45;0,488888889
2,3;58;45;1,288888889
2,4;23;44;0,522727273
2,5;117;42;2,785714286
2,6;20;41;0,487804878
2,7;77;41;1,87804878
2,8;96;38;2,526315789
2,9;39;38;1,026315789
3;18;38;0,473684211
3,1;150;35;4,285714286
3,2;111;35;3,171428571
3,3;21;35;0,6
3,4;109;34;3,205882353
3,5;58;34;1,705882353
3,6;50;34;1,470588235
3,7;56;34;1,647058824
3,8;61;33;1,848484848
3,9;140;33;4,242424242
4;157;33;4,757575758
4,1;110;33;3,333333333
4,3;22;32;0,6875
4,5;17;32;0,53125
4,6;82;32;2,5625
4,8;75;32;2,34375
5;60;32;1,875
1,1;16;16447;0,000972822
1,2;16;1096;0,01459854
1,3;34;182;0,186813187
1,4;20;113;0,17699115
1,5;20;82;0,243902439
1,6;21;53;0,396226415
1,7;19;50;0,38
1,8;32;43;0,744186047
1,9;83;43;1,930232558
2;18;36;0,5
2,1;100;33;3,03030303
2,2;20;33;0,606060606
2,3;53;33;1,606060606
2,4;68;30;2,266666667
2,5;19;30;0,633333333
2,6;21;29;0,724137931
2,7;79;27;2,925925926
2,8;81;27;3
2,9;55;26;2,115384615
3;106;26;4,076923077
3,1;22;26;0,846153846
3,2;20;26;0,769230769
3,3;112;25;4,48
3,4;54;25;2,16
3,5;68;25;2,72
3,6;92;25;3,68
3,7;21;25;0,84
3,8;78;25;3,12
3,9;39;24;1,625
4;69;24;2,875
4,1;102;24;4,25
4,3;66;24;2,75
4,5;94;24;3,916666667
4,6;98;24;4,083333333
4,8;37;23;1,608695652
5;95;23;4,130434783
1,1;7;1026;0,006822612
1,2;8;143;0,055944056
1,3;7;50;0,14
1,4;9;50;0,18
1,5;20;35;0,571428571
1,6;8;22;0,363636364
1,7;24;22;1,090909091
1,8;8;19;0,421052632
1,9;10;19;0,526315789
2;8;19;0,421052632
2,1;12;16;0,75
2,2;8;16;0,5
2,3;29;16;1,8125
2,4;19;15;1,266666667
2,5;22;15;1,466666667
2,6;23;15;1,533333333
2,7;7;15;0,466666667
2,8;22;15;1,466666667
2,9;35;14;2,5
3;32;14;2,285714286
3,1;32;14;2,285714286
3,2;21;14;1,5
3,3;15;14;1,071428571
3,4;33;14;2,357142857
3,5;22;14;1,571428571
3,6;7;13;0,538461538
3,7;10;13;0,769230769
3,8;7;13;0,538461538
3,9;22;13;1,692307692
4;8;13;0,615384615
4,1;28;13;2,153846154
4,3;25;13;1,923076923
4,5;36;13;2,769230769
4,6;7;13;0,538461538
4,8;20;12;1,666666667
5;36;12;3
1,1;3;2054;0,001460565
1,2;3;273;0,010989011
1,3;3;86;0,034883721
1,4;3;53;0,056603774
1,5;7;38;0,184210526
1,6;3;31;0,096774194
1,7;3;27;0,111111111
1,8;4;24;0,166666667
1,9;6;24;0,25
2;13;24;0,541666667
2,1;4;21;0,19047619
2,2;3;21;0,142857143
2,3;14;18;0,777777778
2,4;17;18;0,944444444
2,5;16;18;0,888888889
2,6;7;18;0,388888889
2,7;6;17;0,352941176
2,8;23;17;1,352941176
2,9;14;17;0,823529412
3;4;17;0,235294118
3,1;5;17;0,294117647
3,2;16;16;1
3,3;3;16;0,1875
3,4;8;16;0,5
3,5;6;16;0,375
3,6;4;16;0,25
3,7;16;16;1
3,8;11;16;0,6875
3,9;4;16;0,25
4;10;16;0,625
4,1;11;15;0,733333333
4,3;16;15;1,066666667
4,5;3;15;0,2
4,6;4;15;0,266666667
4,8;20;15;1,333333333
5;4;15;0,266666667
1,1;3;16511;0,000181697
1,2;3;1104;0,002717391
1,3;3;184;0,016304348
1,4;3;121;0,024793388
1,5;4;84;0,047619048
1,6;5;54;0,092592593
1,7;3;54;0,055555556
1,8;3;47;0,063829787
1,9;4;44;0,090909091
2;4;44;0,090909091
2,1;8;37;0,216216216
2,2;3;34;0,088235294
2,3;9;34;0,264705882
2,4;5;34;0,147058824
2,5;7;31;0,225806452
2,6;5;31;0,161290323
2,7;4;28;0,142857143
2,8;4;28;0,142857143
2,9;6;28;0,214285714
3;6;28;0,214285714
3,1;4;27;0,148148148
3,2;4;27;0,148148148
3,3;4;27;0,148148148
3,4;7;27;0,259259259
3,5;4;26;0,153846154
3,6;4;26;0,153846154
3,7;3;26;0,115384615
3,8;4;26;0,153846154
3,9;8;26;0,307692308
4;3;26;0,115384615
4,1;3;25;0,12
4,3;7;25;0,28
4,5;19;25;0,76
4,6;3;25;0,12
4,8;20;25;0,8
5;4;24;0,166666667
1,1;2;66053;3,02787E-05
1,2;2;2215;0,000902935
1,3;3;371;0,008086253
1,4;3;225;0,013333333
1,5;3;132;0,022727273
1,6;5;86;0,058139535
1,7;2;71;0,028169014
1,8;12;62;0,193548387
1,9;7;55;0,127272727
2;3;55;0,054545455
2,1;7;48;0,145833333
2,2;5;45;0,111111111
2,3;3;45;0,066666667
2,4;26;44;0,590909091
2,5;5;42;0,119047619
2,6;3;41;0,073170732
2,7;2;41;0,048780488
2,8;7;38;0,184210526
2,9;38;38;1
3;17;38;0,447368421
3,1;20;35;0,571428571
3,2;9;35;0,257142857
3,3;11;35;0,314285714
3,4;9;34;0,264705882
3,5;2;34;0,058823529
3,6;3;34;0,088235294
3,7;41;34;1,205882353
3,8;11;33;0,333333333
3,9;9;33;0,272727273
4;12;33;0,363636364
4,1;5;33;0,151515152
4,3;31;32;0,96875
4,5;24;32;0,75
4,6;4;32;0,125
4,8;2;32;0,0625
5;37;32;1,15625
1,1;0;94;0
1,2;0;30;0
1,3;0;21;0
1,4;0;18;0
1,5;0;15;0
1,6;0;14;0
1,7;0;13;0
1,8;0;13;0
1,9;0;12;0
2;0;12;0
2,1;0;11;0
2,2;0;11;0
2,3;0;11;0
2,4;0;11;0
2,5;0;11;0
2,6;0;11;0
2,7;0;11;0
2,8;0;11;0
2,9;0;11;0
3;0;11;0
3,1;0;11;0
3,2;0;11;0
3,3;0;11;0
3,4;0;11;0
3,5;0;11;0
3,6;0;11;0
3,7;0;11;0
3,8;0;11;0
3,9;0;11;0
4;0;11;0
4,1;0;11;0
4,3;0;11;0
4,5;0;11;0
4,6;0;11;0
4,8;0;11;0
5;0;11;0
1,1;0;0;#DIV/0!
1,2;0;0;#DIV/0!
1,3;0;0;#DIV/0!
1,4;0;0;#DIV/0!
1,5;0;0;#DIV/0!
1,6;0;0;#DIV/0!
1,7;0;0;#DIV/0!
1,8;0;0;#DIV/0!
1,9;0;0;#DIV/0!
2;0;0;#DIV/0!
2,1;0;0;#DIV/0!
2,2;0;0;#DIV/0!
2,3;0;0;#DIV/0!
2,4;0;0;#DIV/0!
2,5;0;0;#DIV/0!
2,6;0;0;#DIV/0!
2,7;0;0;#DIV/0!
2,8;0;0;#DIV/0!
2,9;0;0;#DIV/0!
3;0;0;#DIV/0!
3,1;0;0;#DIV/0!
3,2;0;0;#DIV/0!
3,3;0;0;#DIV/0!
3,4;0;0;#DIV/0!
3,5;0;0;#DIV/0!
3,6;0;0;#DIV/0!
3,7;0;0;#DIV/0!
3,8;0;0;#DIV/0!
3,9;0;0;#DIV/0!
4;0;0;#DIV/0!
4,1;0;0;#DIV/0!
4,3;0;0;#DIV/0!
4,5;0;0;#DIV/0!
4,6;0;0;#DIV/0!
4,8;0;0;#DIV/0!
5;0;0;#DIV/0!
1,1;5;1026;0,004873294
1,2;5;143;0,034965035
1,3;5;50;0,1
1,4;5;50;0,1
1,5;5;35;0,142857143
1,6;5;22;0,227272727
1,7;5;22;0,227272727
1,8;5;19;0,263157895
1,9;14;19;0,736842105
2;5;19;0,263157895
2,1;13;16;0,8125
2,2;22;16;1,375
2,3;11;16;0,6875
2,4;23;15;1,533333333
2,5;5;15;0,333333333
2,6;18;15;1,2
2,7;9;15;0,6
2,8;23;15;1,533333333
2,9;12;14;0,857142857
3;5;14;0,357142857
3,1;6;14;0,428571429
3,2;5;14;0,357142857
3,3;20;14;1,428571429
3,4;20;14;1,428571429
3,5;16;14;1,142857143
3,6;17;13;1,307692308
3,7;14;13;1,076923077
3,8;22;13;1,692307692
3,9;16;13;1,230769231
4;7;13;0,538461538
4,1;5;13;0,384615385
4,3;7;13;0,538461538
4,5;15;13;1,153846154
4,6;5;13;0,384615385
4,8;25;12;2,083333333
5;15;12;1,25
1,1;1;8254;0,000121153
1,2;1;582;0,001718213
1,3;1;177;0,005649718
1,4;1;108;0,009259259
1,5;1;77;0,012987013
1,6;1;50;0,02
1,7;1;47;0,021276596
1,8;3;40;0,075
1,9;10;34;0,294117647
2;4;33;0,121212121
2,1;1;30;0,033333333
2,2;5;30;0,166666667
2,3;4;28;0,142857143
2,4;8;27;0,296296296
2,5;1;27;0,037037037
2,6;1;27;0,037037037
2,7;5;24;0,208333333
2,8;3;24;0,125
2,9;3;24;0,125
3;1;24;0,041666667
3,1;13;23;0,565217391
3,2;1;23;0,043478261
3,3;1;23;0,043478261
3,4;1;23;0,043478261
3,5;4;23;0,173913043
3,6;1;22;0,045454545
3,7;1;22;0,045454545
3,8;3;22;0,136363636
3,9;1;22;0,045454545
4;8;22;0,363636364
4,1;8;22;0,363636364
4,3;1;21;0,047619048
4,5;1;21;0,047619048
4,6;25;21;1,19047619
4,8;1;21;0,047619048
5;1;21;0,047619048
1,1;2;31;0,064516129
1,2;2;16;0,125
1,3;2;10;0,2
1,4;2;10;0,2
1,5;3;7;0,428571429
1,6;2;7;0,285714286
1,7;4;7;0,571428571
1,8;4;6;0,666666667
1,9;5;6;0,833333333
2;2;6;0,333333333
2,1;3;6;0,5
2,2;2;6;0,333333333
2,3;5;6;0,833333333
2,4;2;5;0,4
2,5;4;5;0,8
2,6;2;5;0,4
2,7;5;5;1
2,8;5;5;1
2,9;2;5;0,4
3;2;5;0,4
3,1;4;5;0,8
3,2;2;5;0,4
3,3;2;5;0,4
3,4;2;5;0,4
3,5;3;5;0,6
3,6;2;5;0,4
3,7;2;5;0,4
3,8;3;5;0,6
3,9;2;5;0,4
4;5;5;1
4,1;2;5;0,4
4,3;3;5;0,6
4,5;4;5;0,8
4,6;3;5;0,6
4,8;2;5;0,4
5;4;5;0,8
1,1;2;33025;6,05602E-05
1,2;2;2193;0,000911993
1,3;2;345;0,005797101
1,4;2;156;0,012820513
1,5;3;125;0,024
1,6;2;73;0,02739726
1,7;2;58;0,034482759
1,8;5;51;0,098039216
1,9;7;51;0,137254902
2;2;48;0,041666667
2,1;3;41;0,073170732
2,2;3;41;0,073170732
2,3;7;38;0,184210526
2,4;10;38;0,263157895
2,5;13;37;0,351351351
2,6;5;35;0,142857143
2,7;26;34;0,764705882
2,8;2;34;0,058823529
2,9;5;34;0,147058824
3;2;34;0,058823529
3,1;13;31;0,419354839
3,2;7;31;0,225806452
3,3;5;31;0,161290323
3,4;19;30;0,633333333
3,5;2;30;0,066666667
3,6;7;30;0,233333333
3,7;37;30;1,233333333
3,8;6;30;0,2
3,9;36;29;1,24137931
4;6;29;0,206896552
4,1;6;29;0,206896552
4,3;39;29;1,344827586
4,5;9;29;0,310344828
4,6;4;28;0,142857143
4,8;10;28;0,357142857
5;5;28;0,178571429
